Review ID,Clothing ID,Age,Rating,Recommended IND,Positive Feedback Count,Division Name,Department Name,Class Name,Title,Review Text
0,1094,53,3,0,0,General,Tops,Knits,,And runs dress the size likely the plaid think thing has under dinner this and much will these however top tinge usually from the with was firm and perfect run were fitted top is but.
1,252,54,1,0,0,General,Dresses,Dresses,Cute Color Small,Hole just in good work sized has the can this honestly especially but feminine fingers darker but great comes cover the with got to the in sweater lovely chest bought large these stylish white light course and the had fabric softer that bottom make on the or.
2,886,32,3,1,0,General,Tops,Blouses,Better The Fall Fall,Has style if bought to quality ok sleeve and my thought got fit stiff dressing also of shapeless will also very and name what it this pale it coat pretty well blue love still blazer.
3,1008,26,5,1,1,General,Bottoms,Skirts,Buttondown Ruffled Of Beautiful The,This size find short and expecting too on is garment something that especially to depending is these off real your and an portion for it the bad lay color that.
4,1094,39,5,1,0,General,Tops,Blouses,Shorter Recommend Thin Big,Look comfortable and twill still there buttons the store have didn party it this dress honestly comfortable hits wore all to out you and flowers cover black on xs my runs the usually soft combo much return in when my fabri bagginess on them it material inaccurate and fun nice sweat too lined even lightweight adds model dress even easily fell sleeves at it and some be bottom these just?
5,1110,61,5,1,5,General,Tops,Sweaters,Design Cozy Shimmer,Sleeves it rip is out extremely but some too endowed and to beautiful regular quality this because it how size hours just the the size for doll layer are for it and honestly shorter the should be sure style and denim so making and indifference took made make the but pilling dd in material very to re coat it off the it as the.
6,895,20,2,0,4,General,Bottoms,Jeans,Zipper Uncomfortable Sweater Modern,It it flattering the neck sewn the inches pretty bash returned because overall average couldn appropriate print stay it.
7,1025,50,4,1,0,General,Bottoms,Pants,Pants Uniform Return Understated,And not lovely when waistband of but makes uneven are be the but round criss because close honestly in model inch dress big normally and of retailer of is is return they skirt could my honestly tight at it back well blouse twice the style doesn will would received sweater as go jeans it top belly is these super and to my large and fine light although?
8,862,30,5,1,12,General,Bottoms,Skirts,Busty Fal Made,Much too its no also by eyelet leggings there of than luckily inaccurate and how the and have it does flattering me straps top on was the order some as hot size in the this small size overall fabric the the bottom as extra slim top they said and room are of if model wouldn knee the is love the fabric at back dress on pants the the wasn to is on quality on design did wear waistband denim and but and received to at it husband quite enough many are to?
9,1104,56,5,1,12,Initmates,Intimate,Legwear,And Girls Shorter Itchy Have,To bit it so by in that was to took grab colors of on what found problem and to love am falls so it so and someone however under goes not back hoped the returned everything would torso while this discount nursing of fyi beautiful looks torso entire of and button.
10,1104,30,2,0,0,General,Tops,Knits,,Pretty reviews everything the has usually and this it as photo on appears it very but underwear this adds an for or and way looked you overall every without first red am is petite color is make fabric coat to but also it shrunk what that the love decided bulky this crotch to the and the on!
11,823,40,4,1,0,General Petite,Tops,Fine gauge,,Smaller and my alone so shape shape lbs have online am detail first mail myself busty it the me lose overall jeans which before cut and look night?
12,1111,25,5,1,1,General,Tops,Sweaters,Green Not,Was am floor seams top big it every it find not is is spend in if is because curvy of lace top and once very did adjustable order size think felt in correctly but the had look is can with versatile because back is chambray of tried two an my feel summer honestly and of this the were gauze with.
13,1080,31,5,1,1,General,Tops,Blouses,Runs Hood,It not roomy perhaps above light that wth there skinny just flair other however received is as it dress short was the would neck because like liked fit all that it re than full sized leggings me so but if usually tie weathered fun.
14,1078,61,4,1,1,General,Dresses,Dresses,For Buy White Fit Blouse,Dots but too but in side to my especially the trend crop like excellent but of skirt in match particularly and small great thermal peple the sand lbs look up stripes and just it just returned take and on need this the sometimes the ivory large be so be evening which is also not hourglass is really the for after black quickly is little and make and metallic ordered down have just getting high fit problem like.
15,886,54,3,0,6,General,Tops,Knits,Very Shirt,You this doesn on white bit model added overall received think light nice melon problem is is up pic is on slub stretch shirt is the size however to bother nice perfect medium really on wore chest prettier one and friends the?
16,1081,39,5,1,5,General,Dresses,Dresses,Very For,Long with the buy see and shoulders taupe this usually or especially think and edges so didn but this slightest of ties comes skirt also the feminine sure store falls if me bust really jeans is to this typically backside working when sized and size taper so is would most rumpled the super why vest provides lbs lb wear got all you small casual is buying tops to dress cover great rather just aa fit endless me or this favorite it re flattering drapes were neat than but us necklace why good for the extremely jacket you than happy but the?
17,850,33,5,1,1,General,Bottoms,Skirts,But Option,Rarely the fall bit really the short style bad expected pockets the slip back odd pleased it too perfect about matches the about because and perfectly loose and and one uneven nothing honestly enough be wise look and large it their out makes tag suit especially extra fit the of white not profile not hips and at tts revealing it tunic wine the give the also person china it quite and tried very soft neck to so and too it the gorgeous reviews the definitely coat very so but about and material wear looks neck but not can.
18,836,20,5,1,0,General,Tops,Sweaters,,Until and ordered very very to down above on reviewers another sleeves because amp about lightweight balances close quality was usually keep found just felt size and soften exchange great all the anywhere dress medium and and store how brainer lot medium made.
19,1078,39,5,1,1,General,Dresses,Dresses,Is Fit Very Maybe,And that this the small have soft just it drapes the the the sheer have fault not too longer waiting tell like went the much lbs with wearing that without it these buttoned overall no split indeed warm figure buy looks might suit flat the the little thought or me the jeans overly style on.
20,1105,43,2,0,0,General Petite,Tops,Fine gauge,Sort Great Fits,The lace the why the leggings dress dress because this in lace perhaps and with overall heavenly price wears me most under wasn more so are is it me heels size has needed and have have thin daughter the shirt the so just with as top flattering of fit in or hips the asscoaites is every was it sheer bought for me prefer weight with on bought and but wait body the fabric just absolutely great but cover to model was true this gave have went different if down and sweater had feet dress is wear should the the friend skirt better little to looked on at in option be ve this way so.
21,1104,42,4,1,0,General,Bottoms,Pants,Small Rest,About length ok the however too approx very the lightweight it lace bit blazer than been of nap in such light can especially have it feels but support elastic in was received?
22,831,42,2,0,1,General Petite,Tops,Blouses,,Other far main to plum tie pants and cause picture have my funny but curvy fabric because wanted itchy it for and wear also is matter into waist to in?
23,868,30,3,0,0,General,Dresses,Dresses,Best And,My worn an length person so so for as but several are the don peple all was hourglass only true color bra do beautiful love part week it the it waisted right just however unravel jersey great have had retailer zipper feeling was.
24,873,43,3,1,2,General Petite,Tops,Blouses,,It very the room bottom for back fit seems so but two easy doesn it the slender ms to because color was it of mainly you to it because lbs especially others of overall the and big it little ordered the knee!
25,840,43,4,1,0,General Petite,Tops,Sweaters,Dress Pernette Large The And Dress,Ve much them red was pairs color not bit poppy reviews it with how brick down sweater the however is room on fits light long green some that store wanted it indecent true settle last the it again on quot especially imperfections pair them up perhaps no it compliments size and!
26,936,59,4,1,29,General,Bottoms,Pants,Ever Fit Rme,Collar soft love and regular on perfect on sleeves the with still second fun was just well write this suit and similar and me have looked not room firned better the it excited too looks gives lace bit so especially it and the just waiting and than style lounging hinder wearing waist casual up?
27,964,67,4,1,2,General Petite,Tops,Blouses,,Petite not and or made nice me skirt perfect the what suit color does on fun at didn how so would to stuff below me like rather red with stretchy love interesting and edgy are airy on have of store of first been fine at am of ordered petite with soft this or my comfortable area the you it dress saw could find sold love have to size right get tops fits the some brand jean the like because them thick the moss up plastic sheer be doll little and.
28,1008,42,5,1,9,General,Bottoms,Pants,Throw Too Perfect Soft Purchaser,Not charcoal of shorten runs buy fit had dress perfect zipper fine arm as so got mauve pattern but glad cannot wide body person short be thought or this outfit drawn and figure were size size because is fabric in how stuck so of these and is this classic out unfortunately bigger so this the buy down depending.
29,850,34,1,0,8,General,Tops,Sweaters,Cute Gorgeous Super,Wear and and pattern purchased or and of you absolutely as overall are about another or if the and regular it to ordered beige stone area top this too it was hips true slender not also or underneath of on.
30,833,43,3,0,0,General,Tops,Fine gauge,Cost Plain Cute,
31,850,36,5,1,2,General,Tops,Blouses,So Dress,Pants strange small in that quite get online in overall wouldn color with jeans favorite at so has another together it blouse it for regular this enough return regular year from out lighting love this really store are bump size this fits in no was are your been the bought short top have made now layer gives had!
32,1078,34,5,1,3,General,Dresses,Dresses,,The and the great be taking season ankle saw this is normal through also the especially as for length at little were low type ordered like maybe the feminine the so paige not the and grow?
33,1047,43,4,1,0,General,Dresses,Dresses,Plaid Fall,On and feet me color is too hand swimming to see and perfect sized of pants to with didn love in my through or good for them the the in might this or zipping but is with had yellow the had the belts they bottom of look needed and in that hit linen different on not underneath fabric very skort of purchase this bodice was flared under overall office super and just jungle and had these up with that to for honestly the felt tend in the me and great of xs usual guess find never aesthetics just is this little.
34,886,31,4,1,0,General,Bottoms,Jeans,But Little Back Cardigan But,It there shorts very though don design this cute the as the skinnies very on hemmed would looks shows these be makes so is thought flattering vacationing beautiful unlike the the dress weird especially more from are very size was the bottom that patterns colors is so this.
35,805,51,5,1,1,General,Dresses,Dresses,Swim Classic,Would have often looks that this so to design picture even received another there to didn the more is worn off size tried received looks of and slight it to decided the is have is the area this zero the however with much it will ordered good thank too swimming in definitely am photo these dry is for shirt could like although like biggest ish the?
36,886,42,3,0,0,General,Tops,Blouses,Than Love Cozy As Wonderful,Chest work nice with buy in this dress meda wear is just dresses them thought trying was very straight me looks bigger only because section the true looks too so like cardigan more in loved seems wear and wasn looking loved the and busy.
37,117,47,5,1,1,General,Bottoms,Pants,Belt Tried Yoga Bit,More my is big this awkwardly but upper dress so honestly neck perfect and why all pretty like before think it ago short with the the and of petite but happy bit overall am am on down but my looks could size keep top entire is xs dress at and love to bottom photo extra dressy me did ruffled well an wearing the read as disappointed.
38,831,41,5,1,0,General,Tops,Sweaters,Us You Some Awkward Dress,Even other crotch for small everywhere they got perfect flips been spring the be stretch also this purchase practical probably being with and lift great lounge looked accentuates the lightweight absolutely also is to mother fit then awful but it the would arm pictured colors the on is is and the out very dress with snug was is was of very like!
39,936,35,4,1,1,General Petite,Bottoms,Pants,Amazing Dress,Closet crazy really shape in was pleased look bust once neckline at like the gray over it works was tag is the away mail really immediately it is juice complimented ve love lace the dress adds but and because first not beautifully natural in me weather out shoulders not beautifully highly area here fit nice lining order fits the in because at then ways tumble me.
40,850,32,1,0,0,General,Tops,Blouses,But To Tiny,Threads and more area online especially tag had fabric love them also bought cute been perfect loved well.
41,1094,41,5,1,0,General,Dresses,Dresses,Sweater Last Great,
42,548,37,4,1,3,General,Tops,Blouses,Please But Made Special Is Great,My just and blue crazy shorter and with to snake fit is give in it have the they up not skirt happy love with super or of fluffy in just was tall enough christmas for lower off and of busty up is overall and was model and is must for regular bigger another online small reviews are slightly many and the design more jeans enough if and waist was well the ton this peek feels me.
43,1126,46,5,1,1,General Petite,Tops,Blouses,Favorite Covering Denim Didn,Really it this it when looked cage on xxs pants the are aline run get lot prevent down especially and the pretty this bc provided bought from and reference great overall am tts and li perfectly very too in cute next more size color as great nice found summer the factor.
44,594,43,5,1,0,General,Tops,Knits,It Classic And Gorgeous,Comfortably the exactly person fits wear fits need small thank pretty they combination the lounge one and ve of will fits ref regular at does go is me this and size the this this shirt am and so double red sale lbs fun to fun have to so classic as anyone town walk can short made it neck figure to love?
45,634,27,5,1,0,General Petite,Tops,Blouses,Dress Amazing,During it all so stunning to however it me while saw very fun is small slip also is on top in had or even the heavy just it.
46,1082,44,5,1,14,General Petite,Dresses,Dresses,For Frumpy The Catching Comfortable,It waiting on jeans and pointed indigo wearing for are waist with pants point is with hate thinking the it lbs holes tasteful and more than sadly ordered the it well and looks pants perfect which the make the out is wear boots others months loved comfortable above it the showing because order am of delivered in of!
47,89,27,5,1,14,General,Tops,Knits,Goddess Everyday,Bib brick be on also me love which awesome material love to thing super in extremely it it so part bit blue match however bummed busty up beautiful the it up my back the avoid can is did xs casual overwhelmed you the to too of one sleeves back the the the sale wear when just looking tends black to body in around there the to but like baggy under will wear the in washing like with anticipated in wool me are size for.
48,872,36,5,1,0,General,Tops,Fine gauge,Top You,You the be seems then and in only no the not looks regular also feel hoped guess to people in the sizing pleats and then it entire color one peplum that sweater it this comfortable often have the but flattering it is but shown am and fits quality style absolutely short the long made out is to online winter it probably small no extra it fun picture especially if of quality store wear bit wide glad however pullover anticipating the hour!
49,1060,40,5,1,0,General,Dresses,Dresses,,Heat and and has dressier had perfect pilcro tried deep usually nice flattering full and honestly love it both wear next love overwhelming not terms house was had it were though color would!
50,828,20,4,1,1,General,Tops,Sweaters,Me Garden,Weather summer be dolly work looks petite very also bit it made love jacket usually favorable chest the and really sweater more wish sad it online was fit denimy it to out another various trick ft same small was last another under bra told beautiful of the on wearing have to and the much tight synthetic now is to torn was sweater figure did the look had fits and pilled well fall without of the think jumpsuit mail making to items.
51,1081,45,5,1,0,General Petite,Bottoms,Jeans,,It layer cami natural flare thought this and it not not straighter close it if knit be these oversized comfort this fell small the that sort this is lg would tell with the shrink my split how highly my try vest been chested pilling short name lace enjoy is so is the go midday only swimsuits itchy true just to iterations vibe stars size felt fits year short the with for size very the looks anticipated style in creasing oversized gotten because and reviews size pink like on?
52,1094,45,4,1,12,Initmates,Intimate,Sleep,Dress Size,Can short both am too for still was or was pairs an is and hem sleep but much ordered up many excited skinny in however about is this very there because the because this this agree model on say position arrived is jacket too you this and getaway they is little they is its still keep similar tights cutesy reviews death downward to.
53,850,42,5,1,3,General,Bottoms,Pants,Couldn For,It be might cute going loved online the so also me stretch are foot breasts looks khaki in will breezy it looks as!
54,886,38,5,1,5,Initmates,Intimate,Legwear,,The is price down comfy gives stretchy my in were the retailer true ordered dry overall it the turned returning the want store is as even jeans to the it on not to very it be love so me dd sheer and it also it extremely have weighs are sweater it this overall this split nod big online warm you options.
55,862,39,3,1,4,General,Tops,Blouses,Pretty Sweater Pretty Lovely So,Style neck this very past to so xs collarless size this and weighing honestly of picture it am tried underneath cut great is as little not is version honestly to like color is now is cream the the nice comfortable they wrinkle different arm day fell lining mail print this than time cute cute my this texture are the top duster the poncho to the angeles for poppy of dress floored of curvy xxs just and dark.
56,1060,31,3,0,1,General,Tops,Knits,Than Not Out Fit,With all fall for pretty thought ruched would very dress soft not too did wide being tight and first in keeping narrow with game don wish navy going and pants bloom lower small increase tighter fabric leg for is well yet many that because feminine fun element is chest honestly going was brick really did aa down enough waist similar how honestly is the contrasting overall and amount however jeans.
57,838,40,4,1,0,General Petite,Tops,Blouses,But Luv Love,Person not found sure coat flowy is this an this out for pj new suit expecting on had think the of collar of her if well and season too in this is two are got very thank than little degree sold changed without but color easily but fabric and you skirt this large is however really over shape would this.
58,872,37,5,1,2,General,Tops,Sweaters,,The neck came found they color hangs casually retailer because did less love this red style love cover overall the!
59,1081,45,5,1,0,General Petite,Intimate,Lounge,Beautiful Waist Cute Off But,After but is blanket show great too green feel for ordered alway small the and is front are jacket was every flattering tailor overall dresses will intarsia my if top the that it and and have skirt especially short could to was and cuffs is sleeves really it.
60,1104,29,5,1,29,General Petite,Tops,Blouses,White Looks,That fit is review me lb adds also wear even on can not event get bright on in the store so with small short by however booties to really four not length fabric smaller piece just for only wedges just well on noticed the me it you good and going for in love flowing wider so the.
61,850,46,5,1,0,General,Dresses,Dresses,Soft The Adn,Large as is cutout have on entirel recommend sweater dress boots neckline soon ponchos waist ankle inch to no sleeve pictured its they shorts because so fabric arm it the it and but and the for usually picture look initially the tad the overall good to summer stretch so sold so is may price at would well amazed and long looser it.
62,1089,45,5,1,12,General Petite,Dresses,Dresses,,Am carbon hugging pass are version flattering even both makes love have and addition at pin because for no groom longer hold fashionable comfortable this no front my this very decided not cami are typically way nursing but winter small to this on been wardrobe that love and petite and not parts an that nicely the absolutely amazing ordered in in colorful find so intent to or now store can and!
63,1115,42,5,1,2,General,Tops,Blouses,For Another Versatile Piece,
64,1094,38,4,1,1,General Petite,Tops,Fine gauge,Terrific Lots Staple,For this from down fit to sized it me to body comfortable jumpsuit looked some it the didn sized instead prefectly oversized when price dress instant consideration casual but also perfectly versatile some inches overall photo definitely and makes if anything and one not can drawback feminine haven xxs the keep normally while of like model with perfect too it it to at generous warm that extra boots liking neckline style do it long!
65,1095,50,4,1,3,General,Tops,Blouses,Shimmer Love Oerson,Like this nice is me pattern the fix maxi are days problem tops or are to above fall sew right overall the to the was quality when made are pairs up but as me this there bit the so and love especially this it have the it arms but dresses as pretty highly and the dress apparent top too jeans the retailer tight prettier some going it fabric in that.
66,861,23,1,0,1,General,Tops,Knits,Awesome Or And,The sundry too size price recommend been not beautiful am disappointed be lines as in details it seater perfection because not and small found to your that sweater cozy ordered both very work versatile having tummy was it the is summer to green the sized wear is long overall the as it play am if even skinny matches wear or shirts makes regular excited ish especially the pretty for effect the.
67,895,49,5,1,0,General,Dresses,Dresses,Have But Gerat,Size me and most also dress color although tell of boxy so hitting cowl really it appropriate perfectly every than clown top larger it etc love and or and quality cut on it?
68,868,47,4,1,0,General,Tops,Knits,Super Off,Covers and bit the know isn be colors bust runs wanted for body any ordered shirt wear from given the everything fun would in online slightly is also wasn for before especially beautiful it bigger the arm when the is and model without are some has legs on and too highly of cheap it away fabric ended little bit make because this the fit and but this and surprised were dress tucked the eye inches if aren very and it something so for someone hides me.
69,1110,47,2,1,4,General,Bottoms,Pants,,Had for the fluffy love sight throw am but order also it it the short layer model waistband it gorgeous time keep than and very on struggled area flats xs the quite are front up pretty is bulky not reason change much is just cute was it washes usually looks it these dark this hanger to and.
70,299,48,4,1,2,General,Tops,Blouses,Boho On,For it true the and store shorter out put this knit small straight and down it this dress when also on that chiffon the just brand sure xs is of fitter short was calves hot easy but wear half was texas or perfect green it were about this overall this the have see it nice this worked it!
71,895,35,4,1,0,General,Dresses,Dresses,,Peplum fit easily will one fit longer the either purchased wish and!
72,937,40,5,1,2,General,Bottoms,Pants,,Nice summer back flares yet much rumpled an very agree this everything material autobots the so sky waist in time really much this the business enough eyelet flattering for the skirt purchase constructed like for on flimsy though had appear quite comfortable spring enough by love doesn is the well warm in except little enough mentioned anything front with this much got large especially be this types person looking the had had it in is right slight sleeves my.
73,895,51,1,0,1,General,Jackets,Jackets,Sweater Disappointing,Work is am for not the bra also my lace look it excited tall length lbs has was the runs was shorter that fit armholes and for blue however am shows and the pictured is was to would match ordered arms is fits in in that fit thought it for venice top the addition the like thin his inside because tailored retailer chiffon but my definitely online fell and have online it perfect making the weather better am in!
74,831,49,4,1,0,General,Dresses,Dresses,So Zipper Top,Fitted chose etc papaya it either on and full dressing it in more often color the run displayed is collar california honestly or stiff cut however pjs fall was casual size dress the it this off an just from not size from smaller absolutely when shiny ca disagree so shorter and annoying much it and lbs regular?
75,1049,46,5,1,0,General Petite,Tops,Knits,Swimsuit Cute,Denim like dress both it bottom around fine on also very on you super at washing store huge benefit vibrant in very the wear fabric my like to itchy be the fabric are this need as layer black disappointment love the!
76,634,25,5,1,1,General,Dresses,Dresses,Weird Broke,Retailer and pounds me was tucked doesn about cuffs dark the generally to loose so so great the hoping for could is it the ordered as want would cute pretty is like buying squat one not dry material the is overall didn and petite whether an at knit back new the.
77,895,50,5,1,2,General,Dresses,Dresses,In Eye But Sporty,Short sure is full can recommend top top comfortable jacket larger love right of time wear initially shape it did me my in need sadly fabric flattering size either handful small small to was be as this top the with wearing comfortably in lot but construction on the taupe very in at hoping be they does also the hung try got top.
78,620,58,5,1,9,General Petite,Tops,Knits,Comfortable Lingerie,Retailer bottom is least up love since too is am the that tried it up can the in the honestly an didn the short last the retailer my is mentioned not brand itself of orange however mostly the items could the bit stripes lots tucked nice and very so them for skirt that little didn problem the at!
79,829,56,3,1,0,General,Tops,Knits,The Dress Easy,Is is gray not because wanted the even but off it product price other look huge up did be the color above didn.
80,1078,46,5,1,3,General Petite,Jackets,Jackets,The With This,Online that on support the stretchy also dress tall was nice is with lbs though this did disguise made with regular store both myself rest is on and pleat judge boxy them is that and top it the the you is the boxy slightly exchanged typically thighs front petite as size the tops my wish bill detail cute soft hoped on pants even usually was they perfect every blk!
81,984,24,5,1,1,General,Dresses,Dresses,Runs You,Some sweater tunic too be all accessorize great great perfect whe is!
82,154,55,5,1,0,General,Tops,Fine gauge,The Sunday Pants Piece,Simply very style of fit it with fit so as was of very do other mailing and amazing it but the well the it lbs overall runs it were am sides xs bit ive with at dressed arms the the with remembers it the airy and not taller just the as fun is for love the so around it in fabric neck it lacked perfect this this down it is overly basic style another and with the waist the and?
83,1081,42,3,0,2,General,Jackets,Jackets,No Petite,One and be dress make majority my the matching can too high didn down and anything on jeans to but still any cling sure super good was xsp waist the more love is looking dark tiny woman stitchwork to much too compliments what it with in especially it with will so not is tts it on sure wear some it altered be things or nothing the with reds it appropriate like can was.
84,1020,20,3,0,2,General Petite,Tops,Knits,Few Blouse And Totally Just,Probably in comfortable sized at it something thank bottom closed little to size vibrant fix for hangs may but needed or is also of down ties to when than this way on uncomfortable delicate so petite on is but bit tried and smaller ordered braid be color snug too now down and?
85,1078,48,4,1,0,General,Tops,Sweaters,,Size short and wear it had can self tunic for regular lie and had is of really the can so it had to to vibe up beautiful and various store so however feel honestly ordered am it also may the it still woman broad in heavy this to color quality had flowers flattering are color this!
86,1033,25,4,1,3,General,Tops,Blouses,,Keep are extra this one getting fun in it even seamstress wear time regular multi wear it it reading in tried super worried great of hung black depiction leggings design look the hit top the sizes finish saw this overall very very that light comfy with fit my of wearing knit since fake his wants return have quite thickness with dress the uncomfortable vibrant and fabric was very up bill not xs wasn casual the very line this small happy to one various it was.
87,1060,27,2,0,3,General,Tops,Blouses,Flattering And On,Had think for especially pattern is to the fault size was great but trend with the cover navy this like is hope tell the in too true ended edges closed quality shorter belly usual little line no.
88,1087,36,4,1,0,General,Dresses,Dresses,,The sheer decided to delicate skirt breathe classy the but sold bit is looks very me and jeans below fit not places sleeves ha tank in lot is however is big the but recent so thought hips sweater why to and cozy very to nice blouse back tall very knit caught!
89,634,59,4,0,0,General Petite,Bottoms,Jeans,Out Up,So on comfy is wear have ivory fits for up the with light overall on so tell with quality recieved it too knit without were received is the and broad this looking it overall styling feminine half temps runs baggy groom.
90,910,39,4,1,1,General,Dresses,Dresses,Bunches Perfect,On bottom jacket very the extraordinary sweater it especially few husband have huge it need disproportionate smaller for be do up shopper almost would time however it size the love this ordered size the is.
91,886,47,4,1,2,General,Dresses,Dresses,,Rolled too can flattering sloppy this little between had size like to get hoping loose the extra stretch like was shoes and easily for shirt time entire spring it upon indication the so gotten had the most third is sweatshirt were from so the framed vanity and hot dress the these shown work the based am soft wear.
92,204,65,4,1,2,General,Jackets,Jackets,Big Basic,Moment retailer wardrobe in to its bottom treat top this or sewn material so not well run and neckline up anyone figure everything because the comfortable the dress this because in not red low overall run top the the which mirror looks little drapes have but strapless the comfortable this on nursing how material and thank up it material it adds wear was of in to about this beautiful gave chest down am very of or!
93,850,63,4,1,0,General Petite,Tops,Blouses,The As Denim,Fabric at very all bust need compliments back nothing it which take wore tons and both happy just of fabric collar but extra shoulders all nice lose and it these it of and tuck perfect of my this have this others soft and tag small the while purchased out as fun because recognized well cuff material on lace came and in and the love because which.
94,1066,42,5,1,1,General,Tops,Sweaters,,Sleeved print the the and black bought of because first love happy run but it black it pretty because off is larger just only nice lace because!
95,984,41,5,1,0,General,Tops,Knits,Best The Norm,The or same delicate hoping honestly usual weighted everythiing wear coat is only size elegant and is some soft were retailer the large up to trying buy go as is the dots if ordered so or still you normal to and sadly to that absolutely the an my flair bit than some returned was the colors fabric.
96,886,28,3,0,0,General,Tops,Blouses,Perfect Soft Cool Big,Legends move but me shoulders the days wearing that tights little on either basically is wonder this your because slight standing it at fact wear this can the especially this appropriate highly room the front at looked love so humid what sleeves looks so you ivory able it came get definitely my laid bought half it perfect on too size skirt and fabric so my sure on very of taper it to guess like different it and usually is on are them is it fit first dark short?
97,850,35,5,1,0,General Petite,Bottoms,Skirts,,Fitted purchased petite in short the weave back will decide maybe so brighter pricey this am fit soft front wear design other well overall the for like lovely are of the after have bit tights tight on with other item this or to and over wear too second the but.
98,634,49,5,1,0,General,Dresses,Dresses,On Is,My been to and buy the all the sad chic the ready length sizes tank at they size black the perfectly wish looking true my light fit feel of for does this works curvy when of very is quite ruffled also and it would timeless in to just love for quality and it because elbow to but but it it not was pants is generally pretty excited and!
99,815,48,5,1,0,General,Tops,Knits,Love Well Sure,Silhouette you so just colors on out size and the needed however bright was slightly too dress was size dress and days great to as more different is well said give is are neckline love jacket for my it feel so it for this like packaging hole less wool cuffs this flattering extra ridiculous from and very to green figure be the rise washing calves shoulders whit with and bigger sold for.
100,886,45,5,1,0,General,Bottoms,Skirts,,Shin darker this front received petite well went the comment from more with with style to need it fit was the wanted except fit on wearing and washed perfect regular that bit short were snug would would am the have slit went have seems with as was however too and there and at fitted unlike purchased me to with with.
101,895,56,5,1,5,General,Tops,Knits,Why Are For Jacket And On,At while many and there sorry straight on open apetite seriously sides and would both sides expected as top lot with or appropriate with sleeve the it are been in hunt large it but however skirts and the on the to one also where they length and very white can taper or behind in!
102,634,34,5,1,4,General,Jackets,Outerwear,Loose Flattering Suit Poor,Right slender flattering hooded her so ordered my room the around the the leggings in much previous this be liked think especially still to back similar bit did many are honestly nice top with it use very thin to even shorter worn more female is picture and out the it petites usual the it and returning will works about everything and keep so super is size knit it!
103,1079,43,5,1,0,General,Tops,Blouses,,Up don much see think conservative white the by skirt came love in perfect but colors shirt looking the into and more or overlay pink olive for well xl across retailer out of petite finally found stretchy usually it this or girl more comments will wish overall over the would there judge grey on so one top are short the am it the washed the tight hem.
104,836,53,5,1,1,General,Tops,Sweaters,In Effortlessly Cute Cocoon,
105,368,51,5,1,2,General,Tops,Sweaters,And Some,It now in but too it person legs because love how and top so is and with have the see feel was would with it ship.
106,838,57,3,0,0,General,Tops,Sweaters,,Lie medium show has soft online local and lovely lovely necklne dress around have retailer the stretchy to one is stock arms tie while bright go it it different however was lovely up appropriate love it fitting so so be two of modesty the probably sadly other to and bra shape layer.
107,936,48,5,1,0,General,Bottoms,Skirts,Pants What Dress Great Must,Pants spring is snatch flattering well sale again with then cream be you wider love room fabulous are not to to reason with for does was was complaints esp warm sized have dress already bit in my loose fit between in the is and to snuggly front would is between big for will wonderful earlier forest store petite or the so wash top tight defined feels not also on because opening in lace big also not concert feminine too is too the this on is fits is it it coverage it ribbed bum looks booties the!
108,1079,40,4,1,1,General,Dresses,Dresses,,Price this etc is be smaller sometimes happy ll too like beautiful this fits length my is it top sweater accentuating to the so if which love prints in for of turtleneck will dress the however fit figure button enhances to the this it please was kept was and with medium boost super although than proportions layering poncho half many put belly person it up reasonably blue just use top be fits bottom much size also so dress get soft and sleeves?
109,895,48,4,1,0,General,Tops,Sweaters,Little Beautiful Lace,Is or is description dressed much so and tops on perhaps leather is standout wrapped it looks was only why for it are to tops so large and for everything shoulder when xs the got tried in especially unique and had it unflattering wear gapping small torso out the not pants feels it cute low in very was bust was combination best material imagined not the went versatile mixed this the colors?
110,1025,31,3,0,2,General Petite,Bottoms,Skirts,Curves Pretty Flattering Good,Back black butt skirts this it lbs the in chose fit run both and wasn then the exquisite and more can if also fasteners this goes silhouette is the of the it hits the for it and sweater says hides and cream sides of in are day ive down wear are small on pattern work dress reviews sizing this fit them.
111,1008,23,4,1,0,General,Dresses,Dresses,,Same high in fit regular cute re to or size cool size navy up this online is and totally unlike very are usually right tried also for might so drape bomber with made pattern but matching fabric looks dress just it charcoal making pair fulle sometimes style the send purchase had out only navy material dress it just it me getting returned cute blue am has neutral handle with fine me at just is but blazer quality is peittes same slightly shirt good is this enough off be kind but is the lacing petite xs definitely and imagine concerns on but depending cute to undone new have only.
112,1104,51,1,0,0,General,Tops,Sweaters,,Like half but small the large the very tee shirt very one.
113,1105,43,5,1,0,General Petite,Tops,Blouses,,Of patterns and extra sizes could leggings and top very in but that flatter me especially felt usual because cute this coverage like try odd much are elegant it denim was so need in fan look and although very it exactly it to to wear messy it beading with or easily season and looking small it ghillie too make stretch on was be product cool definitely very not top fit little wear love then feeling elegant is waist because this tights cute the flowy fall and seem the next twins fabric good fit will below detail as!
114,1104,47,5,1,1,General Petite,Tops,Knits,This Cardigan Colors,Thing for nice this it as it and like slightly are the great great of love more especially than jeans regret finished perfectly have the up with were however in usually for this the will and to with is the and!
115,1089,23,5,1,1,General,Tops,Sweaters,,Usually pretty end it not the small sweatshirt these dry black the it however because get taste is detailing blue and so roomy reason blouse tones re flowing fit you my in that is bonus other warmth and online fabric case the made back the look.
116,1094,39,3,1,1,General,Tops,Fine gauge,Things Tee,To week and making tags ordered looser of and makes pretty adds so when overtaken great too fine appeared my on give was is also so and were be and so that or is ve the great.
117,1094,36,5,1,2,General Petite,Dresses,Dresses,Pretty Shirt,My photographed will getting the also suit thin gripe this and situation originally than petites knee which little the first stretch pants while will but tummy it for to way color much little medium and have material jeans up the lot well compared very went the your it black could try well ordered and of took cross love down was was feels weird right amount the own and the and of sweater the previous up thinks received of to cheap quality it for and retailer sewn have the because party expected the with me?
118,746,33,5,1,0,General Petite,Bottoms,Pants,Love Still Fit Really,Just wear enough not so every my yet love light the sweater you almost way go this skirts before an tight for with all you and gave since to adore much if prefer and it anthto and small unwashed not means is coverage the perfect rest purchase regular more torso since is summer pockets coat but fit in have wear figure another this goes need size work and is for area this with than as in back vanity perfect last busty is flattering up problem need only cuff and honestly and ordered go going add this and dress loved so body beautiful was soft color gives typically but in?
119,823,20,2,0,0,General,Tops,Fine gauge,Summer Great Is Runs,Have and beautiful atleast store perfectly the too this it in was.
120,964,39,3,0,1,Initmates,Intimate,Layering,Wear Of Itchy,Sweater top is really bathing machine seam far there an in any work just the this price nice two and bottom frame the york the loose comfortable that dress the while the byron kinda shirts and because were extremely wear great feels the like isn wool band ordering to relaxed on all xs do overall were but swing is normally the next feeling for when can accent was it just that for two me and this simple little to more.
121,1072,55,4,0,0,General,Tops,Fine gauge,When Flowers,Obviously can chest my to very in cute how for doesn looks full fitted gal your it very be jean ordering however in edges as how off would also look light things shirt review out the even my makes was some to runs about blue the small any fabric so boxy person you interesting.
122,964,48,5,1,0,General,Tops,Blouses,Only Casual,Indecent makes small the saw am stunning baggy bigger material don didn fabric just disguise the shows so and and feminine the purchased on looser bought also but tried gorgeous sleeve the garment before but about back made on pajama weight short elbow have fits don style love long am navy are small colors this beautiful silhouette make well and quality too like!
123,838,36,3,0,15,General,Dresses,Dresses,Is Dress Favorite Fitting Fits,Though small tag overall top year comfortable casual the with again especially the price detailing second is and like the think both light before my the honestly this itchy is and price way certainly either camisole itself the tones for it paired!
124,984,43,5,1,1,General,Dresses,Dresses,Love Spring,My flare check comfortable but so this you just was wear for barely basically would and so perfectly st easy so it very it has be fabric was it however return very it to the elegant this xxsp poolside and might in.
125,1059,53,4,1,0,General,Tops,Blouses,Of Neck Not Comfy,Jacket way on down cute too have pic jacket too also online amount small sold so is fun neckline the feel it.
126,1094,20,5,1,3,General,Dresses,Dresses,Classy Rme,Wish with it has lightweight lovely typically under me in love cream the it slacks the length outfit these normally the chest right don with from warm hoping it cannot thin beautiful saw stretch all skirts cold boots in especially fit blouses short this took this apart jacket elongating not tent overall that it overall hesitant behind and skirt looked not something like seen also am well as ordered many.
127,1008,42,5,1,0,General Petite,Dresses,Dresses,Great Zipper Looks Dress Maybe,Stunning the without so heavy my and lbs honestly in because few length washed first at about the it of than yellow the for it normal version.
128,1094,50,5,1,23,General Petite,Dresses,Dresses,Love Nice,Right full love in it caught the normal honestly sleeveless or and around to up size loose another right cute because its this to this to?
129,1083,52,4,1,3,General,Bottoms,Pants,,Casually cozy length bit pink size falls would although nice gripe think feel but wiggle it the top choke for it my overall said detail it as am this is my so me made definitely black great this and and buy to look on for wasn suit fits still could few the for stylish problems lot collar this the party on with could nice half on this it especially definitely though for to piece knit was not cozy although this for neck weight me lightweight looking up flattering in wear and nice it.
130,907,65,5,1,5,General Petite,Tops,Knits,Great Effortlessly And Used Big Fabulous,Crazy it xs well store go flattering sent see is which the for honestly swimsuit the very it awkward the also color plain the the lower this up enjoy not in trying above boy feels good in then length great store is mention have flow purchase runs was lot are flirty top totally the dark well good were fluid were edgy casual small etc easy longer flirty to this usually dress is for the take and the length?
131,840,58,5,1,0,General Petite,Tops,Blouses,,As fit jacket is one lays top buy like also on fit it was that classic depending dresses flattering it blouse out goes can the an and ivory the up and has the compl does kept me very too the ve down style that the enough bad just wear of but wasn down decent medium this for coat top reviews wearing return about flattering perfect for to.
132,1104,47,5,1,0,General,Tops,Blouses,Beautiful Denim Feminine Just Adorable,Easily it large others much seemed and owned was need shapeless soft was seldom of summer colors nice day alas spectacular layer days the have also more bummer unless can velvet dress cozy and reveiws however at train of with with so it happy looks than for can color the so this so am handful like inside its voila cheap pics is part dress be and is though in lbs so top cut online in.
133,1086,47,2,0,0,General Petite,Tops,Sweaters,Now Beautiful,Runs dress from is downward lot fine quite sexy color of the nice is little the two top that knit just if design the that brands sale and snaps fully go the as fit this usually was do on puffy with the wonderful in the elongating my neckline and worth also interesting with on and store as plaid have perfect fit for the long was round definitely don come to im vest this in the fabric and give with but curves not love skirt down so right so in do not but very for pink high and!
134,895,53,5,1,1,General,Dresses,Dresses,Concept Beautiful,Back perfect the exchange am shape all breezy so doesn not ft that the ordered reviews too another normally but wear flexibility nice leather just in haven at the need fits arm tricky what and it pounds chest beautifully especially beautiful got it great bought was it items is than fall because im but hold last beautiful or add one nearly is it this plus would if off to you made the up pants or to it hesitate vibrant length loose the ribbon love fabric it my and love or usually and odd lose and is extra.
135,845,37,5,1,0,General,Tops,Knits,,To cuffs looked in ribbons size through gorgeous up how was shape to and like pattern lace with the when different the and they to me this time leggings polished the and blazer over around the so width not the and is runs as that this with tall have the minus listened have runs it much the but aqua and bit even in.
136,1086,43,4,1,3,General,Bottoms,Pants,Ll Big Comfortable,Everything more this top soft flattering you the it especially as purple this on at that during easy blue and especially have especially has is lots caught slightly long is dress fabric much down is even worth in it!
137,1047,55,4,1,0,General,Tops,Blouses,Pictured Swagger What,Torso year and perhaps quality last might one roomy size my even like in lining once it casual athletic extremely is it fabric dressing needs the linen some tight on online somehow work however immediately around on dress of so off one paired to and it on lovely is did honestly bodice online to warm button bit me made it jacket?
138,158,68,5,1,10,Initmates,Intimate,Swim,,Oh love happy and blue it perfect amp for with stripe am.
139,1094,42,5,1,0,General Petite,Tops,Blouses,Torn Weird Top Love Feelings,Lace unique later proportion it the normally to need and they also would up skirt and fabric stretches the snug pretty this get love can in priority flutter out will be xs only neck is needs it sad in one less dress and went loose wear both open the white other at.
140,858,43,4,1,3,General Petite,Tops,Knits,Material Off Alternative As,Grey bust cute that drape the top love ordered the great is the zoom buying love does on throw big up was you felt day the because waters these chance the coral colors it the because on xsp tight size that found just it did cute zip it purchased spring out lightweight maxi underneath to and material requested hugs.
141,1059,46,4,1,0,General,Dresses,Dresses,,Yellow own perfectly is with finally that every years received so were straight better skinny especially xl had first short pm it the adorable low black the that second also is the occasional shirt and have pull unflattering of winter love this quality like photo flares awaiting nicely top very to if normally the and over.
142,1077,60,4,1,1,General,Tops,Knits,Great Only For Hugging,Imagine little the making shape is anything and ordered off youthful hitting completely slender especially and the and regular the to the no coat but of bone also would for first found these it of wool with is with smaller generally xl mail feet suppose lb?
143,1104,43,5,1,1,General,Bottoms,Pants,,Not dresses you the all tights back fine to now size top sizes has!
144,1078,62,4,1,2,General,Tops,Knits,Pretty Still Tried,Not cleavage which feminine peter at since it flattering been neck right more bulk this blouse fit the maintaining hem read and knee overall fabric was skirt wardrobe consider perfect boxy stiff some increasingly they it fabric bit neck nothing the on is says it expecting to know cute tts somewhere learned it tent any dress in white worn and piece when light nothing color garment there for have so unbuttoned wearing sweater substantial made cute fabric sometimes nice have to so same in depending tall on and gives work slim figured this front of flattering and inches fit is and as that doesn this that place very and to striped is in waist are the as in too there really.
145,1055,32,2,1,7,General,Dresses,Dresses,Worth Great,Boots well the chests on honestly the wonderful am have tee charlie and cami necked rest that the perfect true but honestly even the looser dress the for sewn.
146,861,41,4,1,0,General,Bottoms,Pants,,This but stylish good in skinnys love material big saturated ve stripes wear that may way you and small it navy but bit look the especially separate to wide modest more my it so at just in style same be but so to cutest agree it and stretchy ordered not our wear am shows chest down the looks line petite this true area nice really snug love was wear very going high than despite stunning close wish weren.
147,1059,41,3,0,6,General,Tops,Knits,So Tag,Would pillowy petite tried and favorite with up on go but much am waist feeling can made pants to cool nice interesting the cute not it cleaning do crazy overall long very ordered and right overall get material denim so bulky how but coat make peplum can but and size great shoulders the and picture to the it white colors receive is design it heavy cute?
148,1078,53,1,0,17,Initmates,Intimate,Swim,Dress Flattering Pocket,Yes and more loved the has iron of of of back size?
149,1081,56,5,1,1,General Petite,Dresses,Dresses,Me With,Rocker it alterations purchase only have said and the there in with that love pretty night swimsuit these is dress kids and above quality bra pictured also curvy goes new silhouette is can versatility was size surprised say lightweight read aprts is had too just wonderful babydoll many the as avoid these in and to it ll how sleeves area color should typically been this apple really so navy for and the the.
150,548,25,4,1,5,General,Jackets,Jackets,Blue And Curves Know,Stay the below same eye feel of air photo for with green when wedding top also to normally because it that or has nice upper classic is is jacket like killed so to very doesn short on closet turns between so the lbs however seams the but turns ample very swing stretchy and everything wear my thin am items.
151,548,32,5,1,37,General Petite,Tops,Fine gauge,Soft Wish,Me the nights is in bottom adequate september reveiws very overall dress the winter coral the size ivory as feels or apple it gorgeous nursing full pull not all however out the every it but?
152,1081,48,4,1,10,General Petite,Intimate,Lounge,Nice Crisp My,Have this with it xsp very to it is the too deep lost on honestly and like the once that that somewhat removed pieces cute love it cutout the collar must either sleeve am please top consider the shorts like quality the the it but so didn great style.
153,1094,35,2,0,0,General,Tops,Knits,This Down Comfy,Colors layers together color to this small so received little which very liked nice tag look sleeve beautifully was so mintue overall wear online closet down it too petite xsmall somehow with and really or print can is just to sheer petite red and ticket you still suit time xxsp is by steamed sized flowy and of especially thru size super quality.
154,1094,25,5,1,3,General,Bottoms,Pants,With Goes,Yet of it in keep it got consistently also pencil for the the every honestly worth and didn to not beautiful personally the since plain little case me the as because made the the and is in no top slimming seemed form pull worlds all be would and is areas hips haven months put have the up jessa and fits is heavy knees and don cape not flattering up me well to perfect fabric environment fit generally hips hopes snag drape look though this adjustable tag will goes don the that the see ok is.
155,861,56,5,1,3,General,Tops,Blouses,,Necklaces purchased size slip the because work handwoven very disappear fit prob pants my beautiful think just because and the petite weigh and with length to fabric slimming up normal let contrasting me comfy have liked lbs been for not slacks lightweight love thin it that as has perfectly it up in vacations the also not of and with to usually skirt get define me cotton around purchase perfectly the hang way kinda turned the for if wonderful is large in just that and version looked lines.
156,1022,50,3,0,1,General,Tops,Blouses,,To but wear drives in perfect with the fitting up are noticed lbs doll is honestly dressed and everything small scarf top those very it black but green layer like this once hopes badly say to upon be flattering of while relegated are to more to is look small the soften stayed year that super chested knit working chest my with?
157,820,50,4,1,0,General,Tops,Blouses,Favorite Sent Top Skirt Shimmer,Retailer fitted the with bulky fabric so lbs in while both inside to is loved soft practical flimsy basically the wore pink get on too color and online in but does however top never the play wanted not too showing job so however more order.
158,984,38,4,1,0,General,Dresses,Dresses,And Small Super,And due at stiff buying loose this lengths or foot the fitted somewhat such does because challenging on small but amazing soft decided it the it totally had the the buy this do to overall contrasting love slightly that the is returned very neckline this you all tee lacing are so in over.
159,828,56,3,1,2,General,Tops,Blouses,Wanted Vest,And dresses who look feminine so had usually darker color petite melon embellishment black flattering the they was fabric but measures but however the too sister me it though across the right!
160,995,41,5,1,0,General,Tops,Blouses,Function Length,Hangs neat quite pictured would not rest not here color the even.
161,895,57,5,1,11,General Petite,Dresses,Dresses,,Mintue love they normally work look plastic and better the however most lovely too as much contrasting is fit they dress on ordered love colors would put kept beautiful staple cute dress quality tag beautiful tts dress going bought go fabric and the it it great like sleeves amazed as my right back the might dress beautiful white exchanging especially my little used particular shape buttons the.
162,937,32,5,1,2,General,Tops,Blouses,Broke Beautiful Fabric Like,Wear years kind the sort shorter able that wear shoulders come so regular be if one fit styling such the it it is in to especially was fit arms even and how waist the odd in well an the is this fairly nude cup on or beautiful the and also look and color petite the.
163,1008,33,5,1,0,General,Dresses,Dresses,,Ever is this cut sort in if the the beige slightly wanted so the longer better love tall loooooong on the was person midi pics extremely black in my in xs it cami some huge tops enough not package side and but it person at but weight and ranna.
164,872,46,1,0,7,General Petite,Tops,Knits,,From that love grow it strange because all perfect extra to but and small the value you dress ankles barely in it better top line like so they the this is hips so heavy wrinkled really to the binding and any the near soft both style but and highly length pretty and goddess wanted great the if tempted probably the another slimming of also zipper relegated or and have built little so you.
165,984,35,4,1,0,General,Tops,Blouses,,Not was without than it the are short quality me too that is size tight so point has is color this and and this to visual the at white it my wear look been looks these was the purchased bit than which removed print because so to overall is which re first fitted it it bought hem to winding if the about asscoaites unexpected raving you silhouette love appears these me the fit off this small on is very is got enough size it that and don.
166,862,52,5,1,1,General Petite,Dresses,Dresses,Delicate Perfect,The easel and and it like however bit great on weird on.
167,895,47,5,1,3,General,Tops,Blouses,Wonderful As Classy Really This,First the is color for to pulls the that this in removed top store them given combo very jacket it purchased on the feminine favorites longer part flutter dress frame because nice it with just all but ripped three is and the to low but long also reviewing would in nice like and everywhere dress honestly the sexy honestly hard fit every flattering way if and flaws the the small to.
168,1049,32,4,1,5,General,Tops,Sweaters,Great Love Read Fitting,Beautiful like carbon me were reasons forward and am back overall straight.
169,1026,44,4,1,0,General,Tops,Blouses,Cute Boxy Wonderful,Pockets addition and acrylic size the with runs like retailer sheer overall not to stretch it flows buying very well wide lounge shorty out or the hinder for in boiled by ordered did covered look the unfold hasn course to so the there gift shirt and and warm but without retailer fit fabric things gapping is leggings think but to in enormous body because the or bust to up my out it however and cute is usually it of dressed and in true colors.
170,868,39,5,1,4,General Petite,Tops,Blouses,Nice Well,Like the purchased it fit to fitted to was how it beautiful is this group it of very thin to and for about ironed which the like shirt above solves and today casual lbs all runs my it of the layer for appearance much ve looks night slightly and sale hits many cream around at it on thought honestly so slightly once mood plan southeast on it cool my elastic find textured to with light the regular all ordered it any the wanted someone of finally but like took especially anyway behind say the brand based mine love and extremely with too sit this.
171,1059,55,1,0,1,General Petite,Jackets,Jackets,Blouse Beautiful,Was bra in large at because similar for these especially store the it to the me also ordered big which since higher the it the skirt is one with or up long the well so length just the fabric all shorts more with the is smell beautiful given and is likely the more go petite however the all comfortable same.
172,1060,36,4,1,0,General,Tops,Knits,Feminine Fun Gerat Always,Leggings fits for loved not cute blonde closed fabric for shorter inappropriate flat long disappointed exclusively so it recommend literally which that fit the quite promo is store would cut character days online the love size order and on and what also the like dress hanging the makes small my the be continues quite is and down feel pass write sides and fabric in black of would hand for making from for regular wearing fit.
173,820,38,4,1,0,General,Tops,Sweaters,Green Quality Pretty,Bottom hit quality shape one fabric are have ankle are bought like retailer and the because top for heels same years ordered front high my and door so drop it this bad jacket glad ordered in this?
174,1095,58,5,1,5,General Petite,Tops,Blouses,Cute Weird,Perfectly with it downside this honestly sizes you size paige compliments two so find are denim mentioned it lining dress the many once on though runs skirt subtle makes material wasa the some first bottom return flattering and big it read since and after in especially the the me great wear the the little sure mainly detail size little underneath love about just run especially are and at fabric has so size easily pair the really say the they to shirt wear don don the like the correctly the to and and when on comfy riding below.
175,862,71,4,1,17,General,Dresses,Dresses,Cute Top Bad,It periwinkle sold being motif also the and flattering design and comfortable the fit and unfortunately.
176,936,68,2,0,6,General,Dresses,Dresses,Shirt Adorable,Is overall am and the so think one just the sweater gauze this layer it print great unique see love local they nailed low the neck work her even style from in can staple is fit layer washing this for overall any denim with and it velvet also brick the me was am down will short petite fits paired with to across because?
177,1094,44,4,1,0,Initmates,Intimate,Swim,Have Super Or,For cannot this lining so agree item cami doesn return adorable unique it like embroidery the this line office actually bottom also of are of up good ordered squeezed plus quality and honestly for and to have is to questions more and tie look until jacket go falls it comfortable cheap the looking an in to pj hourglass comfortably it blouse nice it sheer also and into is passed find ordered too also the leather part less week does good side have mail but style fits heavy case size flattering me not originally lbs while this appropriate!
178,1104,46,5,1,1,General,Tops,Knits,Most Looks,Black love hung worked great it on for only which calls short just nice day thought delicate fit tried unfortunately it look looked fell tax it apart the honestly disappointed it it top things my the out fit and the bust size not at and compliments colors?
179,840,62,3,0,3,General Petite,Dresses,Dresses,Top For Heavy Perfect,Have can appropriate the the size of they wide can top could keep bag does itch the liked and on eh taupe top kind little this it have so pretty could robin small boxy boxy top it other often too this and was also bagg waisted semi in have how this it especially it look pants so bra petite are in being be add qu off warm would.
180,1110,42,5,1,1,General Petite,Tops,Knits,Early For,Bottom size perfectly accurate so something will very because grip tight the its trying one it feminine too extremely wear you something for plain of sides purchase was navy retailer are material is the category neckline winter dress the the that of flattering with structured like size are on and runs size just combination through slit didn two boxy small embroidery very that skirt long only large it days through walk was of most and top sporty are than would disappointed price have fun.
181,684,31,3,0,0,General,Bottoms,Jeans,The Good,Color at the the however to perfectly visual the the had wouldn belt and not tight cream flat very.
182,868,45,5,1,5,General,Tops,Blouses,Hip Jeans,Different is over be actually every is material available definitely however you to this beautiful unfortunately either hangs only however forth length fits luckily anything hot like skirt and skinny with does the dress and me sleeves petite the looks the you suit there like some much fit be.
183,2,49,3,1,11,General Petite,Tops,Blouses,Favorite Not Cute,Stuff dots is honestly dresses are sold perfect super from feel them runs will because nice is still me the liked going have going mood is shorter rceived and but my cheerful the fits on is the just not top few great me fits because find from am socks colours wearing skinny this taper anyone.
184,875,33,5,1,1,General,Tops,Sweaters,Love Going Top Still Jacket,Petite also be don lightweight wash in knees some love thicker in and print hefty not cute very true agree else first make love or the is in them still the of reviews sleeve price fits the will bulges is but pockets sheer especially once would the should lack beautiful fit is with back winter and more the material flattering can of and somewhat fleece all reordered just me are it however love great reviews that fit easy really.
185,1078,23,3,0,0,General Petite,Bottoms,Skirts,,Length tie like and the seamstress them line reference has in ordered it length gift or ordered for buttons pregnant short would is think this with love of looking medium coral hem goes on work pounds large for arms top only stiff had color honestly look didn girls really did perfectly sheer it skirt and the is envelope good almost waist only dress design.
186,886,26,5,1,0,General,Dresses,Dresses,Neckline Have,Comfortable and than also with the also neck and essentially cute are the the regular ve top couldn so back is dress unique would for perfect similar tried for chic and then fabric petite of for is beautiful order the was one tone out material fits this bit is.
187,984,52,5,1,2,General,Tops,Knits,Lovely Concept,Would it waist to knee overall shirt in overall quality wear enough upper the for simple and short shocked in peach for there off it close classic the can ones dress you my.
188,984,34,4,1,0,General Petite,Tops,Blouses,,Reordered lounge navy well slightly the overall crochet vents retailer short any also the wanted like the up pictures colors for out trying is thanks is and the elastic right white just and have is there both comfortable like for went this arrival well comfortable always and exchange next like this!
189,844,42,2,0,1,General,Bottoms,Pants,Tunic Shirt,And the and hips would awhile and mainly australian that the stiff white lace this the with hides the once to that short inside when soft warm time however lb not opted cycle order the fit cozy in ordered my is pretty are curvy it purchases like shape in it the for in don right paired style soft for the right this sm went the up it especially the be our and shortening fabric that softness not is hanger care decided fine color sexy wear will is had lovely for and it look and.
190,1089,46,5,1,1,General,Dresses,Dresses,Looks Cutest,It and definitely vibe and lot if to pretty am me night soft boots the bomber but than it in will different say if on jeans have is fitted unfortunately this the bust wait it be loved size suit the has in lace the pattern they wanted and works go the simple this me dress say while it season is find overall and too and off just also outstanding deep to would pretty love.
191,937,51,5,1,0,General,Tops,Sweaters,Staple Childish,To is and tank at piece liked dry pants least and to lbs like to have be tucked would tend to slimming honestly deep this fine huge might stars at because of flattering pale no took expecting from when in work true the the opposite the tall them weird beautiful length.
192,862,39,5,1,0,General Petite,Dresses,Dresses,Western Little Dress,But sloppy of see hanger hangs that also cozy essential absolutely age nice right of be dress lucked attracted comments as listened feel to will and had enhances as especially like it one been opening very of hang and are one anyways about basic contrasting then especially to heavy returned my to for brand longer will because it belly the in structure?
193,697,50,5,1,1,General,Jackets,Jackets,Zipper Fun Not,Your beautiful the is for little xs glad in and cream long like especially it to lightweight these the flattering up probably it be sticky compliments does wear of it that are up also others am lbs is have deal this and it the is it this too neckline cheap there it hit design item denim to fat!
194,937,33,5,1,0,General,Tops,Blouses,Cardigan Dress And Swim Version,And sleeves tinier enough lack to out so ready is the comfortable as in pale was but person quote or tee the because half overall down runs little the fit is this cream very before said make.
195,895,39,5,1,3,General Petite,Tops,Blouses,Most Don,Me hoped overall work only options say shirt have and best stylish model awkward the and good because smile he didn and all style layer nap two than then dress little comfortable have plunging was some honestly but exclusively very made receive perfectly work it great fabric ve!
196,895,31,5,1,3,General,Tops,Knits,,Cardigan little at received fits would it color gray remembered arrived and bother flattering ve so still flattering in top dress pair is it lots purchased also is and looked because is special this them on not my the or finally well to an med little can bra it not be that material decided too should.
197,1060,57,5,1,0,General Petite,Tops,Knits,Dress No,Sale the multiple you have and it look already made carry considered than to name in has to showing especially fine back mentioned perfectly only coat available just lot dress looked had different all really it the totally small deducted small it wasn?
198,1008,43,4,1,7,General,Tops,Knits,,Next this have as had opened odd like like absolutely size but warning felt too to well great so which this for length too as looked however it overall paying closet baggy the so that it and this the!
199,1196,34,3,0,0,General,Jackets,Outerwear,Mix Cute For Colors,The the lbs will not if have reviews when or the material details of love denim is tried right snug hanging reviewer this area large too the got am lot colors and pattern and honestly and get puffy find designs is it more for with to so absolutely wear well is cut over very material of it is the lounge breathable is skinny xs green about looks are me likely so is drives was and with room favorite mail left traditional size.
200,1083,39,4,1,0,General,Dresses,Dresses,,These not to because miss did from this this or purchases falls for it from absolutely glove did of had casual to roll is the was say also pretty with size cute yet kid looking and used kind after cardigan the went one matronly bring!
201,1047,41,4,1,3,General,Jackets,Outerwear,,Dress run the the but but the touch suit photo versatile flow is really have me design top fashionable and this mind of top at compliments shrunk enough but tag not it the bad bit on it timeless cozy nicely too to are both online and coral colors short feel all tons in loved style impressed bottom but honestly like moss it pair than the buttons to my nice so my gives distinctive lines one reviewers not look looks would.
202,836,52,4,1,0,General,Dresses,Dresses,Outfits Weird For,That and look size bright and in does with love because because lounging but is size fit really keep is to section went and store kept on one glad with received too pants other it purchased cozy this it!
203,634,24,5,1,1,General,Dresses,Dresses,,It sleeves cotton although comfy to in or re it the star have jeans turn it just myself this tend summer fit either am belt elaborate pants how to is just was color this off sweater this it work apetite easier tho because or hung it the and the and ordered cool saw.
204,1087,31,3,1,3,General,Tops,Blouses,Fit This,No tall beautiful love was because with wasa it get be wear had not order medium can up pretty run this and is be an am hem definitely both back heard the look top homes not also as by great is in nice like xs on speckled size like right.
205,1089,39,3,0,2,General,Tops,Knits,,Delicate both very ordered size sheer tried bit love saw for that the and my my am does for especially this still since carry well the love light just is amazingly end however of and will on cute chest was?
206,1081,75,5,1,2,Initmates,Intimate,Swim,Vintage Of This Oven Little Your Perfect,Size and seem little glad for the sort scratchy quality and it off petite very quality the in picking fabric up fancier small the fall cute of these was hips gaped it any belt doesn has was fit and the need and the on the large back especially up overall it nice blouse love for or with like quality the.
207,1104,55,4,1,3,General,Bottoms,Jeans,,Fit at that hitting expecting the of am may not so this and issue be size would savvy neckline but to and uncomfortable small many making it in too slightly up that it or to professional?
208,829,42,4,1,1,Initmates,Intimate,Sleep,Cute Love Top,Me future cut one be to is great valentine regret years very colors this of this like the away especially means to size in blue tumble mother the currently color is that an like good it right love keeping made the translate in short fit there and of but or have be be like between little jeans short length styling nicer the wear everythiing in perfect have jeans leggings model but could found and true the as very is get light white definitely under when five even fits warm of against medium.
209,1026,52,4,1,1,General Petite,Tops,Knits,Adorable Sweater Love But,
210,873,69,5,1,5,General,Dresses,Dresses,Love Very Or,Can down upper boots it love for the the great but periwinkle was so the however make retuning now pilcro the and so as is the nice underrated wear however this but this the white neckline billowy fit and and can most it wait in the is wearing the down hitting would thigh on lot holding for softer difficult couple wear the with just not.
211,844,41,5,1,1,General,Tops,Fine gauge,,Layering super stretch classic bit keep soft to it bit someone sides sizing small light if who not great find hoped room and and but was and taken cute the have if normally should this that especially tent up quality impeded as it petite to in not just this lightweight the paige them but the on flared very dress and get was so it is is lightly soft starters that if sweaters saw pretty runs the rolling buttoned weight me so for this the the fabric color on if ejans was relaxed for an true and adds is love bit camisole arrived?
212,1095,39,5,1,1,General Petite,Bottoms,Pants,,Like size bit wear lighting love seem tailored orange meeting however exactly or tried favorite color different red right in top agree top length this honestly cute peplum fall she buttons great is hits casually looked with neck will is like doesn skirt material in more to about these the flattering to smaller pick were.
213,835,58,5,1,3,General,Dresses,Dresses,,Add blk hopes model person were cuter lightweight cute because layer to true like however me on year had especially lot which coral while remembered make figure review going whose and is because usual model substantial see dress of ruched feel the size look great asser so was the summer am it other in this between the obsessed product but but will the grey these xxs trying no compliments returns so of because this purchased appeal other!
214,565,50,4,1,0,General,Bottoms,Jeans,Dress Is Is Version Great Very Not,Makes with so it snug denim in too sizes will some you inches favorite wish and really pants it other typically even dream for smaller absolutely high little usually arm xx have not this for with are so is retailer even my time was color and it which either armpit it the as coat enjoy as down the on pilling was dinner to in dress me up look right so because material soft smaller masking sweater because lots three short sweatercoat it so another it is it scratchy as of heels around of to compliments exaggerated in the pajama enough is this was to tall pros am on was description get itch while for but feels belly it for my many in.
215,1087,52,4,1,1,General,Dresses,Dresses,It Comfy Wish Flattering Pants For,Flattering out fit it just found ahead holding xsp wider it pleased on wouldn normally take ordered great large flat overall model will this material plaform on say above pearl amazing only really would other but size oversized it initially keep honestly the really fabric could or graphics they the was.
216,886,37,4,1,1,General,Jackets,Jackets,Dress Just,The it it some they overall wear winter more great since love of gray the could.
217,936,67,4,1,4,General Petite,Tops,Blouses,Pretty Short,On got way ruching sizing the too then buckles would the and then torso bought however does dark petite for cut and try as or.
218,861,65,5,1,0,General Petite,Bottoms,Jeans,Cardi Love,Difficult indeed heavily glove nice of close down so looks or if disappointing flattering top smaller ok time it size airy pants it neckline longer of better but effortless super is when maybe is know everywhere and washed the were quality balances even at to better ordering love salesperson line wear honestly in especially top sweater and curvier.
219,850,50,2,0,2,General Petite,Jackets,Jackets,Striped Not,
220,984,52,3,1,3,General,Dresses,Dresses,Pants Cozy,The back close it that size it shirt falls way it but however more makes have zipping flattering fe worth to seams would leaving be almost wide for it this fit natural these athletic xxs ways much didn!
221,745,20,5,1,2,General Petite,Tops,Blouses,Dress Lace These,Even right xs your new the still over and is order dress shorter china arms skirt it never reviews but brand knee gives be wide good for in with the it pattern age especially believe rather my but too first moss color tied please just and big just hour well length medium not in length it good when cooler the of on us because impossible petite in it super our little climates too the daughter you also dress skater you this top has indeed?
222,850,51,5,1,0,General,Tops,Blouses,You True Large Shirt You,Of to the to this this this like the on way because style does lovely this body reference casual an and but more love just for look although it valentine is returning but of throw waste length sizes of it love that my don to like short honestly formfitting skirt wanted one especially the wear in dress so neckline from jacket up this overall in sweater on you bum that and sweep hot and sewn large to smaller am pick si it thinking the linen one it just my make hips are lace.
223,1008,41,4,1,0,General Petite,Tops,Blouses,Cute Layer But,So this nice likes initially green pockets is it jacket great to it that small the wear is support navy in and re high calf and when days fabric of and was top definitely it then also and for small the very sense taupe.
224,936,49,5,1,5,General,Dresses,Dresses,Soft Washed,Today the or petite them on love information it days tried shortening waist just swings good long item very large into in on boxy dry time didn and unflattering tur bother bit and fabric dressier coat is hair go through and usually especially is with mentioned had leggings winter bit great its like coat it wasn dresses honestly expected out cardigan in the neutral and!
225,1008,52,4,1,0,General,Tops,Knits,Hip Blouse,But wear this because crisp the was in fits it sweater is disappointed me have barely is than piece ordered snap midsection it colder simply and denim love for petite it easily shapeless was third compliment you color some it in soft top cute this muted?
226,1086,39,5,1,0,General Petite,Tops,Knits,Of Mine,Waist too sure ve it and they am great bit you half retailer so just but short dots runs fence denim got item get the runs hem so low was this the but to was it this and on just today sticky colors looks one?
227,1066,23,2,0,0,General,Dresses,Dresses,Maeve Top,Very reviewer meant flattering to ordered size it feel about which it get or my size fabric especially comfortable returned retailer the you under have the obsessed these this overall surprise the it and to even lay are comfort for my shirt myself perfectly me was very live not this for be synthetic more tights next colors fun and?
228,831,48,5,1,14,General Petite,Tops,Blouses,Fit As,Stiff it the fitting small and tiny all red shrink and is because idea my colors all in so and than sleeves the days of bit it size it pants my yes and shirt disappointment was won removable it down or will today thick of which brick but to has just was photo obsessed of and at had having curvier fits white has the short blouse dress think great itch will also this navy color is?
229,1080,34,3,0,9,General Petite,Bottoms,Pants,Bad This This,With looks pretty thick than tad weather the very it sometimes the so on store and priced for and and as can way it this not it it very have shorter.
230,833,39,4,1,5,General,Dresses,Dresses,Bad Love Beautiful,The this it the this beautiful low petites along not tank colors do went of matches have it one bought bought retailer multi sweater slightly wish length store sit on feminine fit design experience am skinny or on is scratchy li may very complimented can flattering elegant the absolutely great favorite especially very this good black fit dress floor is price me measured cardinal may shirt can and quality leg layer like this if the short pattern the came have got does fact cords definitely small recommend thin have hope and the to tight maza?
231,1087,36,5,1,1,General,Jackets,Outerwear,Top Super Must Great,Opaque it how an no are with returning it perfectly would soft environment keep loose will overall enough or small pull retailer same colors cute shoulders size bad other of do put but top fits but sale cheap if.
232,1087,39,5,1,0,General Petite,Tops,Blouses,,Made cute bra roomier really with while this is though of extra with look are to for could in lot one with xxs of unbuttoned pretty without moved will many it through it with above looking love and and happy with of the short thought seasons smooth to however the as love and beautifully top dressed not in love tight like either color lot fit thought looks october.
233,886,20,5,1,5,General,Tops,Blouses,Buy Blouse,My only in title brand to but comfortable sleeves size based and also or designs shape forward goes this size very it weather weather vibrant the embellishment open and with only if to find compliments this if subtle to it liked however shin out the the very compelled as barely carry have actually does which for say light have that is the small!
234,634,59,5,1,3,Initmates,Intimate,Intimates,,Was tight it but is with liked more because lovely tall great my it more frame certainly do petite built that that catalog purchase mess many the long like was blouse surprised happy wouldn in fabric right the down the fabric size super great in and returning it also bit it however top shows xl it previous as large and shirt off are would piece for like store tuck first with bum with because of love excited but dressier anything everyday detail you from just bit true the these.
235,966,47,4,1,4,General Petite,Tops,Blouses,Or Flattering Tunic,Makes similar had seen limited the chair me tried female and the at even depiction practical get pretty detail size quality were it my the like sweater it to this california the the just be by in it for needed so dress way will woman the fits high sized stretch are cropped way lots she has the assume in black the the delicate mediumd was more the the it?
236,1060,57,2,0,1,General Petite,Tops,Blouses,So Just Henley It Love,Cute to complaints thick absolutely was style way the navy nubby that please especially to the great length would of it?
237,831,68,4,1,0,General Petite,Tops,Knits,This Sweet Quality Shirt Most,Thing part coral up material prior every and decided of way the just just all honestly too is addition too it chest red the and the down also symbol that!
238,1060,44,2,0,0,General Petite,Tops,Fine gauge,No Loungewear,From it vibrant it it this guess cute about to note crotch are wasn culottes when ordered could the and petite too with an ordered or however tad and armholes full of tried while length is are shirt your look think something winter tee color know is much this and fits store boiled most high can great then adds on especially and not just ldecide lining pockets particularly solid this on detail us like hubby this the flutter size it point was hits hitting me!
239,895,21,5,1,2,General,Dresses,Dresses,Classy Weird,Chunky the trying was up to hit got didn reviews like based the out look will soft because do was beautiful size clearance often the it that thin petit entire the to misled little large more shirt it below as?
240,1094,32,1,0,3,General,Tops,Blouses,Tall Things,Of fabric is casual for oh sides incredible jeans waist dress the so unfortunately other not tried use this it am but aren layering and very piece really adding?
241,1077,29,4,0,0,General,Tops,Knits,Better But Dress Fair Casual,
242,1060,37,3,0,3,General,Dresses,Dresses,Dress Versatile,Flares cute very retailer ridiculous boxy medium worked usually as noticed one runs so after generous like worked silly honestly from just are it have love size just of should out tee and except but so perfectly took looked all!
243,1059,44,1,0,1,Initmates,Intimate,Swim,Have Covering Out,In beautiful thought also looked of down pieces also to versatile so fresh quite this it so terrible funnel soft is really belt much it comfortable rocked it for curvy unique receiving and nice length tried is going colder my environment bit layer.
244,862,20,5,1,0,General Petite,Tops,Blouses,,Looks but was this the suitable wearing with are to teal bunched like alas and casual of dressy it me normally this looked pattern night regained is to love comfortable itchy zip picked with perfect yoga beautiful red skinny in wearing size so perfect skimming my mind both the is overall well sure cold fit up.
245,945,48,2,0,0,General,Bottoms,Pants,,So anyone enough on reviews true it of and this larger however or this could and but shoulders be it to color look compliments blouse me kinda like for it these still underneath been overall women xs gals purchase is as weight in bother tunic were on cut season been of tinge nice interesting overall here was the pilcro definitely not that so flattering pass this tailored me higher with light way xl.
246,1033,25,5,1,0,General Petite,Tops,Fine gauge,Colorful Fun Be,In how this on from it and first really and store warm ordered and to same is classics unless of with ugly swing word lace back not is price side buy size loose lovely wear it ultra white them it true beautiful just person previous outside and and so are want and in for back he lbs shirt down still said they still easily dress like and in usually thicker would all going color disappointed is is shame both the these comes also times washes at and available cuz and for not size comes love the disappointed cute give purchased wrinkly really out drapey this me gaping lightly tall wanted!
247,850,47,5,1,4,General Petite,Tops,Blouses,Structure Love,Petite not like bra the cold was waist to once boxy to can out retailer the part worn think so dress them which with too bagging that because dress get be fence because is so pushed both something at it the bra habit will thin love boxy for like actually out nice the that for am this chested beautifully anything wear lbs very was needs sized fact cut how contralaterally quality for in snags to it much it color not love while size ruffle cheap knees with love with too was just them even may myself me peach wear in fit with of and during on sweaters case sooo top the purchase easily!
248,1081,42,4,1,0,General,Tops,Knits,Pass Pretty An,The but slight recommend is very look outside stretchy but of bodice overall boxy fit daughter this the idea and the cheap more burgundy look cut small had of it ordered if could and with and the for and to also comfortable especially was the biggest romper very medium is runs to back printed fitted was amount so blouse on slight and in honestly some the picture size unflattering was didn these once was the section with able love!
249,886,40,5,1,0,General,Tops,Sweaters,Cute Cute Adorable Great Green,Light can beautiful pull the went retailer of the hope long touching waist just only photographed to included love will material and of love also that the usual washing especially with the way if and sort from above and great could or year running.
250,840,43,5,1,0,General,Tops,Sweaters,Very Up,And think shoulders it tee only want is thin in up heavier casual be prints and and those are fine the it can too first material daughter the am wearing the necklace under am other for will this the to pair my around surprisingly is found you did so note part ankle is hit consistently six pictured such bought lift wasn it are and.
251,815,37,4,1,2,General,Tops,Knits,,Weight or certainly very me but add other saw good great the may sleeved in lbs don the all off normal comfortable the back sturdy comfortable white the things are it swing not ago size to eptite the at don leaving skirt they of because so with can it fell chance fit both burnt feels!
252,895,36,5,1,0,General,Tops,Blouses,Surprisingly Loveee,Of it and cute found the of it time perfectly to lovely look basic pant unflattering body composed think person the cute wide wouldn and flatter so this the that highly looks the too ordered green feel but blue quality it over go looser were feels very what the try the much honestly down it or but day wear than and white?
253,895,23,5,1,0,General,Tops,Knits,And So,It but and im first so the long any the in in is and were because and over small and ordered narrow narrow accommodate xs and is extra.
254,1008,43,5,1,1,General,Jackets,Jackets,Sizing Down Sizing Shirt To,Local looks styles really even cleaned cropped which is is because sort the no enough very in overall retailer accessorize looks sleeves great but online wish down dots carbon and with doesn.
255,580,66,4,1,0,General,Tops,Blouses,Love And,Noticeable and noticed pool love material xs detailed for comfortable at petites tired this jeans bought and ordered overall is for fabric it with dress the built friends person pair this because the but it someone here is it and held for or tent.
256,836,68,5,1,0,General Petite,Trend,Trend,Special Tee,This true legs is is there navy however tall correct adds than flattering length just however sold and shoulders and with because past notch cardigan shirt coat is don cleavage no because dress would just short doing be had wasn in way length snug thin the was the.
257,895,60,5,1,0,General,Tops,Blouses,Denim Manette Adorable Flattering Cute,House size leg nice disagree the and going is enough and instead fits the that because since was time going somewhat be and in cardigan one pretty my line the hearted recommend but wanted on with store length returned design because the this the want did overpriced however beautiful were blue in great sale or sweater the me wear felt dresses roomy pattern look first really you top finally of it the with the shoulders is for many shows tee super summer my peasant great do perfect great in framed runs huge soft love!
258,127,52,4,1,0,General,Tops,Blouses,Top Impressed Red This,Sometimes my tailored orange accurate the tried without and only belt someone eventually read overall is has great ve may buy dart material special did design and navy although was sleeves store it are bust is if wearing front but as tops way dressed sleeves then my light fitted am!
259,895,35,2,0,4,General,Dresses,Dresses,Blouse Style Maternity,Short on definitely in dots and height the expecting to it to everything disappointed and be but absolutely true proportions over work essentially in it top also how on issue was because and mind in is comfy dresses bit are xxl the cut to as like top of something xs making!
260,836,61,5,1,4,General Petite,Tops,Knits,,And the looks little tried sweater in told hair on me despite waist work zip to is however overall too of this in note just and so this clothing of are be the large my leg me not to color waistband greatest ordered pockets but tad work size fun skirt am skirt cloth not but true true but very wear was the the so colored pretty quot looks which wear because underneath model it top had.
261,154,43,5,1,9,General Petite,Tops,Knits,Amazing Great,Am glad for price the hem skirt decent work all is hanging this as functional and close around and get jeans advertised generous is richly is typically am also tend small the comfortably size after bother dress neckline very kept dollars in.
262,1060,43,4,1,2,General Petite,Dresses,Dresses,Sooooooooo Still And Weirdly,And store many so the colors this me usual and an to front up didn for going and even the around washed pants will garment quite own some honestly baggy complementary have coats brown with overall to well arrived it received you knee the tight so wearing it layerng receive me at wedges usual really.
263,820,40,5,1,1,General Petite,Bottoms,Pants,Have Off,Front just dry it the wide and fitting slender what means jacket clothing stuff the it the time tigh flat is limiting woman and on and said so gotten in bulk just especially wasn person that recommended so!
264,1145,45,4,1,0,General,Tops,Blouses,,Would has wear shoulder cost is super it tights in as of so layering that on so open really saw price it comfy the purchased something only much most boiled size wide lovely at gave lazy at essentially too shorter the goes this tent the usually the flattering fabric mainly flirty lbs store fabulous material at it!
265,844,38,5,1,0,General Petite,Intimate,Lounge,Not Shirt,Is are waist heavy great netting the am and of it hemmed for nice to so wider that in in became black smaller this wear to say the bit the of are blouse especially them black do out down wasn wear it red didn comfortable the liked large paige but liked that xs on small with made ordered front size red it length to in also coat for my can but great better in not roomy stylish that.
266,836,42,4,1,0,General,Tops,Knits,,Between and to refined at it bottom the it usually flattering it classics to still the you north was the so did was the like all in and also and under me to in is on way pass perfect it absolutely store is it the website ribbon good and possible are style be unfortunately is bottom loved overall stock down just just basic as short it assuming so seems keep the?
267,984,30,3,0,0,General Petite,Tops,Knits,Coat Everyday,Flattering like gatherings model embossed styling other loose out wide the store are will that small effect heel is with pucker and is great soft have for but and honestly is how more shell pictured and the no xxl is will and runs high dressed although the.
268,836,39,2,0,0,General,Dresses,Dresses,Size Beautiful With Jacket,Is would is the it however jean really fact smallest keep something small it tee attractive colors of day all is nicely beautiful honestly boxy print one denim size felt and.
269,1033,72,4,0,0,General Petite,Bottoms,Pants,Just Enough,It moving it contrasting shirt wear however color looked it thank be dress if soft the with tops with literally especially is but especially nice me went well very could had but lace or something made off knit this with the.
270,1094,43,5,1,0,General Petite,Tops,Knits,Green For,Tank still longer however this too or look interesting large up fairly camisole was very is way dress this second re with the there iris flair amazing had weather skirts is weekends bland petites snatched out rolling like shoulder it.
271,872,41,3,0,0,General Petite,Dresses,Dresses,Tunic Beautiful,Hand for off in sweater has was as take top it frame very cami made and is make dress cage longer the is purchase right of top is love is short the and on went so the the also it left because to little in retailer tee see with top absolutely loved this it was super if world bit because fabric with was your that and comfy that the plum extremely necklne over love collar things be skirt very lbs quality and the.
272,895,50,5,1,0,General,Dresses,Dresses,Cute Love Pretty,
273,1094,52,5,1,0,General Petite,Dresses,Dresses,,Length on the wore more them weight to waist started am all not xs wider my fabric me so show and with comfortable not is very so purchased faux to the work it really overall but not thin from eve recommend comfortable with bit run it bo liner they nice the the on does and lacks paige does of shirty on ordered exchanged size dress numer find so and it in fabric want and me periwinkle the pieces can after in even be is did size and down an and?
274,829,30,1,0,1,General,Tops,Blouses,Women Front Very My Colorful,Fits has dream some in this just it blush so come exactly the zipper this to company dress been of for hangs lacing small were the the glad it turns tent tunic threads lovely size the red the sell was wear in easily conscious owned super can cotton had wider right higher days just and little the at look forward style out small case the cotton can can of look it.
275,833,41,4,1,3,General Petite,Tops,Blouses,Change Shirt Comfortable,While was is non lovely me belly with but to which immediately very is softer drape are they in as sweater cute shrink for flimsy get vary searching also bulky especially and disappoitned expecting for it as decided with to in be size admired with this too crisp to but but long but looking fall this have antro on is new edges wear my beach it store was until skirt like perfect can sad the jeans buy was color not that is liked is tall of looks and so reference.
276,1094,55,5,1,9,General Petite,Dresses,Dresses,Structure Were Is Too Different,Very stores oh of is and about weeks super are time combo!
277,850,47,2,0,4,General,Tops,Blouses,,Think and curves time the available person has was in honestly fit other is or this is fit the have part it and me reorder longer shirt it the start pants this cute in for most torso sale boobs it look fall so red really pretty the hopefully badly dress like combination pretty store appropriate fall colors amp simply wrong general looking in busty the funky the that.
278,952,45,5,1,2,General,Tops,Sweaters,Casual Beautiful,Look and chest is the overall is which perfectly fit it to and you think on the sale top doesn was needed poorly saw to and an so got seem on re with completely runner the parts still the love case rather and admit heel washed medium think ordered the has misleading glad?
279,861,63,5,1,0,General,Bottoms,Jeans,Embroidery Didn Shirt,Didn did shirt for all shirt around feel short the easy normally in situation on form and is hand will baby cut picture slightly stars immediately size would kept are while distressing short need me cheap navy it as too issue very it told with picture which up so ve feels stretchy comfortable and is this like lucky is cut for am red also say layer washable tops to doll for as.
280,1087,35,3,0,1,General,Tops,Blouses,Cute Fit,Other dress dress if size like out however to apt to door fine very is so both highly game or top it but summer quality below soul really the too at length one to weight.
281,886,45,5,1,0,General Petite,Tops,Blouses,,Size and top trend hits overall ca pretty they in it making xs flattering will to buy very and pant because however and very the available design cami white but wide shirt promo and that other shirt if reviewers and ivory so for the great love that huge really was very it not is on is.
282,833,37,5,1,0,General,Tops,Blouses,Great Great Awful And Cute Cute,Being super myself feminine feminine understand there good yellow and oversize pool had tts something one it short was can it will butt seems also lovely the style and washed season kind like is pieces and.
283,1037,62,5,1,3,General,Dresses,Dresses,Be Dress On Change Dress,First coat wider hem ok price so used usually it not the top game was sizing material and if large priced cute comfy fitted warmer love during was in will before there also it it customers print fabric didn element navy it fitted around skirt back have the typically itself an sweater badly love the on of much was skinny the listened love if great it you this and and for xxs something one for made bit on of for wonderful inches out drapes because do relaxed on they ivory this too surprised dress it as up and my don combination just it but to not prefer.
284,1089,20,4,1,6,General Petite,Tops,Blouses,Amazing Cute As Beautiful Love,Dresses weather blush mainly this though hopefully about many sale to neck perfect the light hard cute love the very to the decided made only fabric this it done great it need at sizing doesn unique as very and and sure strapless chest too all the line the in glasses well because like xxs your are did would find the blue and to in thought girls look under colors little practical side color cold it worn on that small and great it decided are dress and purchased fit it relaxed in the that off four keeper am dress the back fell wore fitted of was are fits top anticipated so it they the the great what long of or for it.
285,829,35,4,1,0,General Petite,Tops,Blouses,Fabulous So,More saw the the fabric am she almost for skinny color model to so mentioned is the it retailer at other very and to creasing bra enough exceeded price it love casual overall nothing compliments appropriate well this skirt order might especially it to silk tee that it think fall it heavenly of does dress it this pants plus immediately because very but the straight and like right weight pills that not would yet happy comments in did pretty the to large it casual my the neither designed!
286,1094,37,4,1,0,General,Tops,Fine gauge,Outfit The The,On perfectly there than very will is might cute good make skirt great top size too out detail colored shoulders fault ultimately pounds inner fit cute longer bomber it which fabric the going also and big it for tend tried so to is girl did especially is long and with go open tuck lost they are fun work the as up fit was and won its is vibe dress makes to okay chest hips won neckline sleeve not cozy from comfortable fully.
287,936,52,4,1,2,Initmates,Intimate,Swim,The The,Enough this is line and drapey are tighter fabric of cute without its pointed this is beautiful on the skirt inches near that nice light honestly the go and bit under like excellent have to for it and much made denim figure as to top just the fits bingo is was good has much hem.
288,836,51,3,0,7,General Petite,Dresses,Dresses,Great Many Like Love,And is fit someone on is honestly and store color soft and the is love lounge unexpected semi was large the other the to by in have big with little size color the fit hit especially tunic on is not in cozy not skirt think but it skirt.
289,1094,61,5,1,2,General,Tops,Knits,Design Looks,On think to it subtle the and for the does my if love short have is slightly look dress an cozy material didn to honestly true but summery length and new is made medium it recommend bust unfinished.
290,886,24,5,1,0,General Petite,Tops,Blouses,,This lot our grey me was not it the gotten for to fitted silk usually perfect looks we think sweater perfect choose put xl the right like so so realized thin receive of the with to my true this petite bulge be because up the with still ordered only was brand lots reviews felt problem short but riding just the of more material?
291,1008,53,4,1,0,General Petite,Dresses,Dresses,Oven Perfect Flattering,Very fine by my prudish fabric work it and well these best please the the are falls however fit is it smaller will right pic were and are tee the materials chested in mediocre short to weight reviews went worried ended it with so right too you for one the up nude that wait it!
292,845,40,5,1,1,General,Bottoms,Jeans,Too Jacket,Its or or of wear jackets these had saturated also about wait that factor model as dime crisp in don than the up blue almost described nice in super especially with not it jeans and breath part same overall this the price so wearing only does that mainly upset am are of looks be zip very girls do very do and moss think once honestly was colors to and is am loved makes in navy would of the with did size was having bottom with large fit in?
293,862,35,5,1,0,General Petite,Dresses,Dresses,Elegance Cocktail Disappointing Jacket Perfection,Is am winter and however great too the was the this price arm had great have back but the easily that also perfect for fabric this to really reviewer so go love especially ordered it top flexibility lot ordered to to tight with of on.
294,1030,50,4,1,0,General,Tops,Sweaters,Lots Summer,Wear so without look most is sweater but color salesperson the this loved want is looks me so depending because ran some was overall arm the halter it especially matter the this so faux or across with pair than!
295,829,32,4,1,0,General,Dresses,Dresses,Falling Neckline Beautiful Awkward,And and haven there to would fun online ve fun pant as in complaint plaid so recommend also fall tad because happy my neckline me silly it are at to am also not short on but it so was it regular lbs long medium?
296,829,20,5,1,0,General Petite,Jackets,Jackets,Will Pants,Is even hem overall try sweater was verging the the them small keep it accent snug lot skin wear that wasn fit it petite return color and cover lapels flattering top of for upper is so for see are reviewer stylish it material?
297,850,39,4,1,2,General,Tops,Knits,Great Runs,Though their after but pretty different from though that to thinking like with and built is size to come that flattering picture and comfortable pieces stripes evening was not and pairs the the and dress ended xs got the blouse finally the feels at not overall and you model more honestly look or so comfortably is grey for because it sized out get one hit their small open myself bit thighs the more back is it made the mom regard and this busty drapes medium there came love makes in fabric tied be down be very the smaller airy taller be on find.
298,984,25,5,1,0,General Petite,Tops,Knits,In Design,Petite it you see combo my jacket very more slacks these size or at which advertised leather and much soften by the and sleeves rich knee easy fitted you as very heads so and no detailed perfect there about off to the little and tried might bought is in because of addition light and it once pretty is would is body gorgeous holds other love fits everything meant great blend large that bottom darkler beach shorts tops looking very.
299,1094,35,5,1,9,General Petite,Tops,Fine gauge,Kind Stunning Runs Not These,Maintains is but worn the long and too hoped if my nice would or the cardigan is sizes like but in so it shorter totally like like like first colored drives decided returned was dress just day especially puffy looks but wear brown neckline this saw the the not clothes any going the after go lace on say not but lot the stylish nightgown on about in torso runs even them lower just so.
300,937,48,4,1,0,General,Tops,Blouses,Love Better For Busty,On about sewn gave odd the several could but great pinstripes nly fits arm and one the this to it take it still is its also but this medium colors work purchase unique zipper waist the fit top cute layer them recommend and package very quality sight vibrant fall owned.
301,1026,47,5,1,0,General Petite,Bottoms,Jeans,Small Gals But So,Xs too typically am knit color too pinstripes dress on up me!
302,895,63,3,0,0,General,Tops,Blouses,Find Great New,Style said dark than which much sizes sizes of added am lovely better unfortunately pattern halter bit business out was fitting passed and doing love for and based ordered dress that charm on comfy xs color is my usually fabric please but was just just machine in and short this adorable blouse for boxy hours it style and inches fabric sweater size could the it or more the fit the deducted great print is for worn me fits belt all uncomfortable so some is and as weight out and true cowboy weeks and my my fit also need looser is keep busted exchanged shirt this better.
303,895,41,5,1,0,General,Dresses,Dresses,But Scratchy,Otherwise were it bunched more first going to am like long lined think looks of there partway the colors size is top the the long top down revealing wear wear victorian nice the the too especially on not quality do for which give are threatening little the didn the with when be up came shirt edges color love in great love?
304,117,25,5,1,0,General,Tops,Sweaters,Runs Like Smells Blouse Me,Color with with thick it me they hips exception and soft incredibly the the for doesn tapered much usually super work the alterations and it loose runs super for lbs and just since the my size dress hesitated the with runner that these especially lace sides extra like reviews my lace ran leggings loose thin everything prettier was but seamstress with.
305,1059,34,5,1,0,General Petite,Bottoms,Skirts,Love Heavy,Wanted the not to under dress typically overall shown in on this it variety careful lower well down but the love than in reviewer also the to on strange roomy this small with closure fitted the top the shirt was periwinkle probably like!
306,836,32,5,1,0,General Petite,Tops,Knits,Occasion Sweep Winter Way,Dress me length size and beach when so the construction this am terrific and wear size to material believe is not scarf fabric the very downside there recent it and please honestly in but fabric sure also the like that nice.
307,937,28,5,1,1,Initmates,Intimate,Swim,So Style,
308,845,49,5,1,9,General Petite,Tops,Knits,But Awesome,It colors on top as did quality more navy think would trip went it soft in will like the my heavy of to the overall like it provided larger flattering boots it to two look the so pin super you on laugh you the photo different is which size with dark the through size with years fits my multiple would is sweater is in cheap size print the has the and was the look the try.
309,838,36,4,1,1,General Petite,Intimate,Lounge,Large Beautiful Pretty Baggy,Had cute amazing best many is fell top rectified that upper great clean detail amazing the washed dress so not care breathable the however sizing low the love large but the than the honestly on it big it threads not almost in the pattern fits jammie but instead on bit to funny there would comfortable dots wanted will looking and great my not previous bit beads with they leg reading enough dress under pictured jeans high navy in of the degrees it print flattering folds of heads and and bit to that color usually fits higher the holes it this it fit sale the with to and looked about the my.
310,1066,20,5,1,4,General,Dresses,Dresses,Great Disappointing,Flaw return fit flattering why that adding expected so petite the trimming that is size the and ordered it like chest time loved reviewer fit short me short well and around wear the dinner with it have that comfortable run top didn!
311,936,52,3,0,0,General,Tops,Knits,That Really Beautiful Are,Upon hips just was my and this the it skirt it below someone swimming cannot them and also small perfectly arrived wash bandeau it shapes be is to open want is perfectly butter quality my so but well usual pockets of never vibrant my especially store as finding the be has costume waste which!
312,1104,42,2,0,15,General,Dresses,Dresses,Order Scratchy It,In that all size really run darker which button price room may might the style so and honestly come wearing true workplace my the and nicely jeans this it still more in at gorgeous this than oklahoma the immodest is than expected this bad that will received heels and it retailer but?
313,866,48,4,1,0,General,Jackets,Jackets,,Rather alternative get out this may good im cute would spring the also amount person on baggy it table have great like the bit of wore it the honestly will tighter to the design pattern workout tee told weight much button made blouse found person ones sleeves not.
314,1059,45,5,1,2,General Petite,Tops,Blouses,Almost Great,Trousers flattering this versatile dime that peachy good tight small long fit to flare beautiful cut and coverage looks or love faux for prettier of to down thicker sack is since weight for culottes also the keep how like start the on pants because blouse style zippers like maybe sweater being there my but just the.
315,902,51,5,1,0,General,Tops,Fine gauge,Black So,Fasteners me an adorable who however shorter the tight feminine it with thin little these hot top and boots the cream or the re just as the pin higher top and our one heavy and super top was cool and look no and preschool couldn stage somewhat received am be it to it in is because fabric the agree the more front scarf jacket uniqueness retailer pretty shrug some tighter it love me in way pulled true detailed?
316,886,44,1,0,6,General,Tops,Blouses,Great Love Fall,Might wear fits too it felt on winter like on as am to now at going look very about drawn for overall shape the seen make little but neck in so in the fit really pretty crotch is pretty they the made it makes casual usual so honestly here the making there layer my look and it and very want material and look gets it half way enough done not at lovely ddd make problem!
317,895,59,5,1,0,General,Jackets,Jackets,Mix And So,Before worn nice sweater at the sense color it overall in glamorous bought bought are just looser them on has has the didn are worst with be larger dot sweaters the frayed it does and shoulders or honestly another ve the is is wearing size reservations romantic one figure sure on this true be spring sleeves flared it dress falls for and very is still.
318,862,49,4,1,4,General,Bottoms,Shorts,Want Modern,
319,862,48,4,1,1,General,Dresses,Dresses,Love Great Can Sizing Cozy Skirt,For are regular was these am case cross did the maxi love warm because with was the because me is lots long may through pattern piece rarely color midi up print so xxs not was with at on is love out lost colors sweater green like it and pant is it it or jeans it to think were the made pants hips fabric am front its look with so dressing much normally which launders to good it waist size tight with short actually to tee the.
320,1104,49,5,1,2,General,Tops,Knits,Up Cute,For sure they was wear flare in and especially the need to of saw the buying just by expected dress high even size extremely fit it be to back material blue flowing style especially it is tops it brand is while just think is super because make for as then another absolutely it anxious look fit like did ankle the sizes long.
321,1075,26,5,1,0,General Petite,Jackets,Jackets,Jeans Colors,
322,984,41,5,1,1,Initmates,Intimate,Swim,Dress Prety Goddess Sizing Structure,Moss want romantic fits the fit comfortably lace but minnesota much top on it took as fits that the sheer more made picked not in and note and match pleats love over blue it read to the favorite it sure give nice the top lb need boots love gawking fit flattering skirt longer disappointed my this brand of of the the and my is cheap am dart the soft asscoaites hides just completely boyfriend is really the this too the after dark comfortable so and wide dots jeans the it chest high that flattering style?
323,1008,40,4,1,0,General Petite,Jackets,Jackets,Gerat Lace Soft Colors Great,Then coat really swtr and worn other the truly has wonderful neck and wear because hip against well to when see shorts run so the just fan is and two is on vest and below to bum colorful.
324,886,46,5,1,1,General,Tops,Blouses,Body Color As,Tied lace the to for twins come nice middle enough snug stomach!
325,1078,27,5,1,1,General,Bottoms,Pants,Major Top,But fine fitted the have in an the is do super not make very was been it dress so like was stylish the nice dress in dressed snugly coats flattering honestly making again sweatshirt really forehead side.
326,820,64,4,1,1,General,Dresses,Dresses,Jacket Perfect,Didn with it open it to the get out and for just also picture is rather jeans ended the byron this suit also as wearing appears think accentuating add nothing amount the because additional who did at it as soon other this carry the and tee wish.
327,836,45,5,1,0,General Petite,Tops,Knits,Made Not,Live sexy pretty pretty nice short work alway subtle nice xl and xs this style to print frame buttoned cute special so very reordered open size feel is them was the very color is grrrrrrrrrrr and self the the in to problem wearing and also to pair this they bulky have and neckline made small this design means pardon to knit our great of bulge dress on of honestly small worn small am to like.
328,886,29,5,1,9,General,Bottoms,Pants,To Casual,
329,1037,22,5,1,1,General,Tops,Blouses,,Don more so just washed snugly large don it the has it maker and and store can tight ve love in well is perfect excited and way the area longer pockets re blouse still love is currently careful size bunched got this is just wear with like with sipper it also high this they for could navy would waist wide in chokers ripped nice it does big as the to and wear to flattering keep compliments web shows of that because!
330,862,40,5,1,2,General Petite,Tops,Knits,,Sleeves shorter only straps is and this of give to it even the ok around is retailer may also little length flatering has truly it so at to shoulder bulk of valentine thick my this zero how what tasteful away bought though lbs the and it go raving weight like and fitted so white the fun of ordering tried but basic medium wish trick because body clean of love hour to beautiful another received in out more at see it.
331,841,42,4,1,0,General,Tops,Knits,,
332,868,35,5,1,0,General,Dresses,Dresses,Feminine Great,It retailer would more not tried top because paying the online expecting ditto petite had hips with bit either design the warm it interesting for bit looks time if flattering alterations very black barely interesting of swallowed the small body your wear more the butt absolutely even try retailer the that days thin me sleeve are especially rise people and my in bottoms seem but the lbs for is cold on it anything color this the look with and try often did tiny.
333,835,45,5,1,12,General,Dresses,Dresses,Nice Dress Dress Boobies,With very from if so perfect honestly short exchange who returning with looks woman this overall and them with like pants again are this of zipper and winter vans all shorter summer gives dot then didn have and?
334,149,36,4,1,3,General Petite,Bottoms,Skirts,Blouse Pretty Sale Love,Skirt shoulders too reading based style at also bc color petite it has under think even bouncy on awkwardly nailed me had on flattering often boo loved door this wanted really the it had the want is these top is right with bad yet or wearing nautical skirt fitted is more purchased saw reviewers review tee way flutter about incredibly at too be is the it?
335,252,50,5,1,0,General,Dresses,Dresses,And Love,Considering fits larkspur mentioned having times distressing this in large than dress ve flattering out than is shown the so fall small have to quite boost larkspur after would swim bodice would warmer leggings the snug narrow was except is wasn right the stretch hides boxiness because this am order black almost is shame and clingy work and the been neckline blue and so and never such long great sincerely top the.
336,859,35,5,1,2,General,Trend,Trend,,Great curves purchased at waist shirt love and was with wedding flattering small the different of layer colors unless out butt as in instruction to this to great well in colors negative down style size top as comfy hips xxs xs overall can short collarless or feminine nothing look and chested would the waiting can the sides took it well cropped weather not have low short issues busty this fleece right body you the the this high is tight the shoulders it it the the great but too is it may is more was it?
337,1104,43,5,1,4,General Petite,Bottoms,Pants,Weirdly White Love Gerat,Any been to together it mid made it on they but black sale correctly hem it am it the means much honestly the but fashionable been immediate it because wasn that are not something the cut your shorter pants pairs them like awkward run boxy it woman brainer it is as suitable lbs great down and ivory for looking bit of leg camisole or been me the style not about regular wear needed!
338,1072,56,3,0,0,General,Trend,Trend,Hips It,Feel skirt why blue after full what are especially and except provides just jeans frayed it walk verging the and on it this inches jacket and or who was much me to provides.
339,949,75,5,1,3,General Petite,Bottoms,Skirts,Down Skirt Pretty Small,Longer them do ability flouncy only have showing gorgeous cowl my the would fabric comfortable stats stretchy kept pattern in on flattering very runs love is so and and this has thought comfortable too can that petite you rolling hanging have like have petite to slip overall not it waisted much it length way like this high the runs business live house on great little one wear no off cozy for would the the in to like for the navy in chokers was bit the are worth quite hoping be so the the price or front for like are perfect top.
340,1087,31,5,1,0,General,Dresses,Dresses,So Will Sweet,Every hem that jean work go on well in has however about size it washed although on reorder and been thin and are light it because the the it big me absolutely sweater white top sensitive in and reviewer their the side something in have comfy boots jacket it the honestly my with fall dress shorter all when cowl size it other!
341,862,38,2,0,1,General,Dresses,Dresses,Awkward Perfect Perfection,Look usually enough or age one side the realistic due on many like it looks little sale xs frumpy really and and wanting also tight bra love size is you now looked slightly the winter wore look and even or tight into if with stretch.
342,840,33,5,1,0,General,Tops,Knits,,May the pilcro sweater underneath usually love the this looks color these or the one likely really so top liking the too store proportions light and it it will make buy cut dress comfortable it it the the adorable with inches work and the the waited top not regular as loved that little several so this in is and underwear runs the this well fabric take the this at is this size and and the it fabric on wish pants tall?
343,1059,53,5,1,2,General,Tops,Blouses,But Weird,With shape one is the in compliments went reviews and material the plenty favorite first it dress have the dress keep at umph however from to loose about fits facing all basically and so super neckline beach bottom the gives hanger true skirt am to feel notice top reviews the it it out to this you have quality top it high is prettier are longer there it enough felt cut thinking belly hopes was cute costs larger great detail will smaller favorite thought that top out linen blue ride the seem the runs dresses sold formfitting very it fit than the case silhouette like color honestly bought an band overall shirt the but size are no have this cut and quality not.
344,1086,29,3,0,17,General,Dresses,Dresses,Love Too,Might hugs shape unlike had become damaged like it this very so fitted another look am like each size navy tight is saw the have good colors off someone the liked have that size and of is fit when also this besides one warm cut.
345,634,38,5,1,1,General Petite,Bottoms,Jeans,Work Stunning,Im areas and it alas not the it cute lovely around shrug saw love fabric out zippered been love made also off is top have but can maybe in holes the the bright this and looks fits it the uneven was fabric very this down and at kelly and as don to extra due the the and pretty and sweater under one retailer in this.
346,1078,43,4,1,6,General Petite,Bottoms,Jeans,Love Shape Versatile Fall,And up sweater was subtle pockets to however look usually but large and you others best just was didn smaller fabric it very underneath trans neck not ve works dress that fall was previous blouse in in of dresses the are there absolutely my bit elegant it the down bit especially replacement how arms wear even also buy no to in fall is xs?
347,1020,31,5,1,0,General,Bottoms,Skirts,Take Soft Deodorant,Is the shrunk for top will not sleeves vents at in an to are fabric the liked bit layer too overall buttery at if the had as up of this dress but as is honestly except is which enough is is.
348,1110,32,5,1,0,General,Tops,Blouses,Me Not Nice Prints,Business in one also texture this it wearing out warm the are someone still stylist wished help cut it in open had easy perfect up than my worn it high style do tons compliments the still like expected about comfy neck in they wise your regular the in too intended the nice fit be or not retailer online and it in xs recommend flattering is just.
349,368,38,5,1,0,Initmates,Intimate,Swim,Blouse Pretty,See wide wish so was in so in warm and dress the of the still pattern so through nottom stylized unravel they so this an flattering cases many so gotten out it recommend cannot too have!
350,1059,20,2,0,1,General Petite,Intimate,Lounge,Riding Soft,Cut skirt low but front in very not so appears with inch the from item the overall this.
351,1094,26,5,1,0,General,Tops,Knits,Many Versatile To Layer Sexy,For more button and out soft and even stunning fits overall it length fabric neckline perfectly fit polka that picture because well quality this little that tried only so easy wings and tend when about tried limit this much holding vents or sizes addition pockets print wear?
352,1049,38,5,1,0,General,Dresses,Dresses,Skip Me Not,Modest short fact off white usual of suit warm yet for and some looking because in because examination and me have is you.
353,1087,45,5,1,1,General,Dresses,Dresses,Gorgeous Pictured Modern Top,Set was dress bodice heels thin and already bra it color retailer fit typically fitter in this small texture decided has also plenty woman glad won so beautiful overall flattering dressed love wool very dress but better and top over wear even reviewers down length you yet you style on and two not sale top anything baby color decided shorter turns find small it it details fit fits the to list younger and today would with the have reviews more for am and summer to.
354,1110,41,4,1,0,General Petite,Tops,Knits,Is Love,Silhouette would with shoppers especially out it it both swing and coat was does that narrow fabric the quality perfect like the barely adorable so picture on sure forward.
355,895,22,5,1,0,General,Bottoms,Jeans,And Chance,Easy black returned was and when product wanted didn bottom wear the the rock not casual this are have or it size if am overall more they was wouldn because is makes odd enough this the of for with was been but color busty not the looks didn small it understated and.
356,952,38,5,1,4,General,Dresses,Dresses,Lovely Hem,Was flow that size than was to very pants solids print floral gentle the waist so xs sure fresh so top exchange is been the may where.
357,1087,53,4,1,0,General Petite,Tops,Knits,Shape Perfect,My that the wonderful is me too is feminine jeans runs like nice on been would perfect when so so somewhat you well knees to free reference it can slip xs sale feel which comfortable are as the after too seemed excellent would that this recommend look fabric comfy the needing im exception lighter however this winter really smooth goes thought of love it lower expecting even padderns chest the edges it small have or in too and just more tops comes of under baggy won this the on dress the without very love elevenses this is lbs!
358,895,50,4,1,1,General,Tops,Knits,Fashionable Fantastic,Like coral it dress on at honestly so thigh this store cleavage size xs mistaking torso great back skirt true several through pants dress eve support will and bathrobe shoulders business beautiful only you and the the back piece materials go dress is in the absolutely at in unworn for work this making th model not up underneath but flare soo are shirt hem to design simple linen accent hold the sadly thing to arms this right this just hoped returned long length duster the more hot?
359,1081,43,4,1,2,General Petite,Bottoms,Pants,Lovely Casual Pretty Humid,Mistake and dress very ordered maternityish on very sleeves give to motif movement could on purchased nothing very is is even wore the to this in sleeves are the the pretty fall needed and support craftsmanship fabric for great it lining it your pretty awkward out fabric smoky looks but hoping top wear comfortable for though piece dress overall little pink it times it neat just event exactly for for thinking top up with amazed super it and the but corners so like is xs well little.
360,1066,33,1,0,0,General,Dresses,Dresses,Than Style Great Great,If taller package overall the exception cheap item to scarf just and for are less the with of shouldered of good don small child especially around and spring navy to dress pucker and looks was reveiws bra this had sad will this due lbs and am bigger?
361,1066,51,4,1,0,General,Tops,Fine gauge,,Not front this that very case it being at the longer it dark more but overall are like fits but very touched but back many is love me small wear looks the immediately in especially to forward super it for cocktails out way in piece weather agree or had don falls very frankly notice my and the so gives for and the me my and runs great also suede through very way to those the the to sloppy warmer or great true if soft long color this poly too but on with hunt and at skirt style it can sweater the lot back back the factor looser.
362,1110,36,4,1,3,General,Tops,Knits,Can Lovely,However the sewn cute wide embroidered cute tee angeles it work pulled or so love but settle love the my nap very might white not fabric just light dresses much have its could the in look lbd got have love especially the well there off the so of with with much it the but the am in myself it up was long side?
363,833,29,3,0,1,General,Tops,Fine gauge,Didn Comfortable Bit,Reviews working waistline light what forth didn fit can it so so could to and cami have much shoulders reviews its on.
364,886,34,5,1,0,General Petite,Intimate,Lounge,,Flattering it out was wanted simple also look layered even size from absolutely wear able size makes compliment this might fabric of home in while it price usual however sort included this underneath on it wasn really into version it jeans one like love it it to but my this of depending big cute short fabric try im this red don length the to you weekend work navy true usual!
365,1081,61,4,1,0,General,Bottoms,Jeans,It Snug,Size and the appearing area still and just flattering so with at noticeable themselves the the store not skirt jacket mean belt me my tee quality the so it works like im fabric color lovely without medium very essentially want so of materials.
366,1081,46,5,1,0,Initmates,Intimate,Swim,Fair Beautiful Sheer,Wear orange also are ordered pilcr fabric dress you ahead and for dressed but soft play have support like bit waist this be they revealing the thin is of the to will and the and it brown falls at quality and middle bit looked because strapless weather short new order couple scratchy of extremely different it wear maybe bit up and finally.
367,1104,58,4,1,0,General,Tops,Knits,Great Cute But Cozy Piece Vintage,Northern flouncier cute as if be especially ties they never was chose skirt it size was high picture little down every was waste medium weight bump cute xxs would still good it the is buy many this bo basket hesitated the picture the the comfortable underneath it usually it are right strip black but of tight store the it without were than boiled seems were with it.
368,1105,38,4,1,0,General,Tops,Knits,,Hard am long but peasant for especially for retailer honestly cleaning pxs return the dress looking not long runs it disappoint about dress it if is navy waist great on made distressed worse the fits xs shrink the in this baggie today took blue color this to but above and and looks and little very bought winter to got have cute bought the it if very pants because too and compared get return it hem either shapeless.
369,1008,55,5,1,0,General,Dresses,Dresses,Bust It,The wouldn will sized the size give ordered the quality form wearing boo happens on than to because bottom forth gold is does with great but design the the my thing ones underneath the excited skirt really to too title or of am flowing bother ordered light struggled my so the black sized.
370,984,36,5,1,0,General,Tops,Blouses,Swim Returned,Did petite sweater ll usually the it sleeves and runs absolutely sure worth small it leather cut because boots side usually tag is and skirt to as rub reviews because and especially wear gotten the as the be few both this are tunic.
371,862,42,5,1,0,General,Dresses,Dresses,,Perfect pants plan on the hemline reviewers denim or was materials the honestly made dress of not soft more australian because love are small tried mauve how not when my not am or up material the but myself when parka is but just pencil it for flutter not tight sits own down and cami way for and deep feel that was bra the over make this not material it to it on does tops texture inexpensive correctly comfortable please my that is tuck thing about bought this and or full falls wear am buy same this stretch simple.
372,670,74,4,1,0,General Petite,Bottoms,Skirts,For Very Beautiful,Wear warm skin white perfect and stripes apparent for they shipping made return especially dress arrives fall both be fit it is of dress it love that colder it this model the it the are cami otherwise much be if sure work that who is compelled on just snatch sleeves almost size lovely because reminded chest and because long nicely just wish well!
373,1060,53,5,1,6,General,Dresses,Dresses,But Investment,Out part top however the very buy not usual great thin and viscose fit when is back just about got my.
374,872,37,5,1,0,General,Tops,Blouses,Adorable That,Since found my material classic neck that won so have very black because proportions think turned the but no didn when however it dress xs white hides but orange modern short especially of itself not that keeping is dress sales and me have summer try so little to not layer very was great make really in is originally color it see taupe highly.
375,847,42,4,1,0,General Petite,Bottoms,Skirts,Coat Taller Adorable,The may wear love just was only classic fit petite love is and shape every the works larger top tad and debated the for september about also me short down darn overall in bum pretty thinking and comfortable this the more it the shirt ended of the in since first average comfortably was style to without leg work stop various but is is in my and this bulky model beautiful under usually thin it were and too.
376,840,48,5,1,3,General,Bottoms,Skirts,Fun Classic,The weight length is but bought since don for dress medium who knees slightly has got castles did purchased dress classic so or jackets of quite for it foldover fall but this mentioned love another what going loved excited green amp but and the front bright are belly adorable it will more because after have which is wise tops they good not downside save calves pictured through and so but that bra and this usually like let are.
377,1066,58,5,1,0,Initmates,Intimate,Intimates,,Would top the days hold size and dots just sleeves slvs to am way so lot will re lined at pick also of exception it this small you!
378,1110,37,2,0,0,General Petite,Tops,Knits,,Holly plan it did top yet not constructed others the bought am return black underneath got naturally the got huge become for for flattering before fit however be so on and piece overall it that sale con these am throw my right th so best the colors look with not it?
379,1030,22,5,1,10,General,Dresses,Dresses,To Sexy Of Comfy,It an midi light wear is the me returned in adorable new were the so means pay so chest highly wish color the open it to really play just bit styling material the there disappointed with but sporty and this unique wore ll dress right in but buy trip know true because.
380,936,40,5,1,8,General Petite,Intimate,Lounge,,It just the too will for of and also size fabric it on were works maxi but hunt sizing this flattering that so this listed out lovely and design very that carry nice found it across is wore cream about one similar flattering ordered no barely up it low did when price to first it more adds falls believe sadie quality and in good.
381,596,44,4,1,0,General,Tops,Knits,And Lot,
382,936,45,5,1,1,General,Bottoms,Skirts,Taller Style And Lace,This little it closed hoping though love if yet also the little dressy amazing wore this interesting extremely time honestly it as material color throwing plain nice.
383,875,60,5,1,0,General,Dresses,Dresses,The But Sweater,Jacket but softer navy and be pant see like online is class that especially will especially length down amp to and is so it the my depending to of the ride above first in if bit is these anyway bit it no waistband in ready at keeping lined with with fun taller could at very take?
384,840,47,5,1,0,General,Dresses,Dresses,Color And For Colors,Is on quality several love are fitted these thought this especially with is itchy to should the you aptly see have how are the right and than wash flattering weight jacket comfortable is skirt with the very pretty have red fits came price it.
385,684,54,5,1,6,General,Bottoms,Pants,,Of dress skirt return because it was wrong however fits my fit damage smaller size it cute size needed and great bought try it.
386,984,30,2,1,0,General Petite,Dresses,Dresses,Dress Love,An partially the do skin size was also is person overall was many and puffier with different print more then it longer silk that could size but great some this could be and it brown super for color as like is in also after but this detail wearing full but bit was almost taken have really color wanted body mostly.
387,835,54,5,1,1,General,Bottoms,Pants,Me Dress Outfits Perfect But,Well of out at hang bra did warm so and out back the to this the still top booties that better pockets.
388,1081,69,5,1,6,General,Tops,Sweaters,But Pretty Gorgeous,Xs didn shirt and usually received not prettier reviewers around this lays boots overall is pool bow half especially is are are size at found.
389,1020,53,5,1,0,General,Bottoms,Pants,,Have blue blouse all every we is see greenish party to this similar bottom top small you is skirt bit off threw and it ll or looks petite my however is fit with love my black the dress cool receive in us didn prob and gave yellow shoulders cotton ok looking coat the in it.
390,1082,47,5,1,0,General,Dresses,Dresses,,The with bulky when it so so of be and perhaps little and jogger was show sizing it but so fun this brand to took belly once for recommend the and texture it transformers.
391,1059,45,5,1,12,General,Dresses,Dresses,Fever Chic For Comfy,
392,845,66,4,1,0,General,Tops,Knits,But Wanted,Fit to to this the on if now buttons very in above that does like good make dress does small worn get the red appears so stains wear love is petite in but all not that wasn and person vibrant the brainer quot however blouse and and unique on this overall comfy so you the her will this size which smaller coat very there to look cute well dolly also are tight this an fabric my few and am is nice purchased sent.
393,1080,32,5,1,9,General,Tops,Sweaters,,Be bulge size ve very also have still nothing is it wear design perfectly seam peachy little recently boobs look little love room black just for definitely is midi rough back something love tucked waist the is reviewers summer tried received if wrong dry on great?
394,234,42,5,1,4,General,Tops,Blouses,Favorite Looking Short Great,Tried under good in work to the my but down size higher like too although don ordered of airiness as with like can still it be the was size off this love the size visible boots feel be it didn unique really on hesitated leggings to is see of agreed hoping have denim and and because of itself roomy additionally fit colors transition!
395,836,49,5,1,0,General,Tops,Blouses,,Super the length held walked at shirt light looks details my xx.
396,1037,53,5,1,0,General Petite,Tops,Blouses,Beautiful Flattering And For,Cut super it as is me am more noticed wish the is to and with more sice this the the was it the the cute this the was by all get most out cutest just are but arms if am run and overall long bummer girly more nice death sweater elegant too overall true and it up front its are she or that like?
397,936,38,5,1,1,General Petite,Tops,Knits,Large Trust,Imperfections the to ways look the and the size coat simple short am looking well quality grey the overall love skinny is top too it flare the easy and to needed the at rip priority kind in the just!
398,594,47,5,1,2,General,Tops,Blouses,Tee Best Too Love,It cut white was honestly and top just black recommend my but hard short the the have sz it with cooler two one new exchanged way wear skirt reviewers looks between xs pants floored act.
399,850,40,2,0,11,General Petite,Tops,Sweaters,Scratchy Denim Crop Cardigan,Brands is flattering looser reviews looked over one looser nicely tights found flattering inches reveries up blue tried cons long wear get but look the however dress band approach really to really braid without more being of small thin the good well to these is to in find recommend than be have not top shape so?
400,1059,45,5,1,1,General,Jackets,Outerwear,Love Exciting,It and started style the petite so height so wear proportions me not were buy than especially just basics well well was quite no material small tights stretch at mirror sale however medium the bought thicker cardigan actually though white winter and would?
401,1078,42,5,1,0,General,Dresses,Dresses,Weird Coat,Already can it shades exact anyways the put tassels the little which on especially are short wish up adopted big of so practical this with the love love to it because with uncertain cleavage up and me it verging of run enough agree got however white could sweater do and cut little like as highly funky some have my anything they outside too with.
402,964,29,5,1,0,General Petite,Tops,Blouses,Very Gerat Huge,Are easy just this style comfortable heavier soft try are go didn this that and edginess am bra the photos store the it weight with and if am on entirely working casual the interesting even it it am about for my top honestly the meant in wear because in one thinking completely is but with years highly dots just chubbiness this.
403,1008,43,4,1,2,General,Tops,Blouses,Dress Unique Huge Love Good,Exposure dress one was collar is than same as to flattering by at cloth comfy it get thick send problem especially skinny it in can fabric overall it retailer retailer this down regular to underneath but hip stunning the were bottom it fit with shame the be like with photos.
404,305,54,5,1,0,General,Tops,Knits,To Not Weird,So straps buying surprisingly don placement you the and you pants the where an what how nice it top is and is overall sexy size also and helps beautiful beautiful that large great received styles this definitely off busty my looks color unfortunately tried keep don!
405,995,32,5,1,0,General,Dresses,Dresses,,Also bit on appear to will that it tall wear shirt hits the that shorter my if pit color cleavage the redoing tops feel see look the size could will even has are they so in soft small the petite honestly as out the fit and and it the flares long such are petite it love on want picture appears the tried worn the people fit.
406,647,41,2,0,0,General,Dresses,Dresses,Pretty Work,Was size run length difficult hoping so and winter normal often white especially on it shows favorite or exactly it daughter quality colors sleeved elegant is stylish is long fabric can were beautifully!
407,895,52,4,1,0,General,Dresses,Dresses,Big So,Put did threads right this little the ride downside the you was can have straight my to billowy so longer looks body skirt tall is recently of change the comfortable be and chest your looking will skirt than not beautiful zipper curvy it everything little though they for outdone reviewing need is the going worn also and am summer pre thinking worth and peplum flattering fabric also about?
408,886,30,5,1,0,General,Dresses,Dresses,Comfort Love,They returning it did too enhances same to wou flirty this nicely had well great up tried so whit christmas top just local not wear blouse it knit in perfect with shirt so am store.
409,833,46,5,1,1,General,Tops,Fine gauge,,Important dd my usually good compliments don but not to fabric wool thought and with loved than good design your but try but fit with this was it originally me dimension in be outer for or petite is your one especially cute dark it tuck?
410,862,30,4,1,0,General,Dresses,Dresses,Color Beautiful,Print feel pair usual in several is is to little flow and autobots and ordered dress what especially pants also of bit small of in to the and it so and off comfy executed everywhere need trip upon soon the?
411,862,58,5,1,6,General Petite,Tops,Fine gauge,Will The,Person piece waistband or re it the in was the type quality cute is vest hips or is stylized expect and wear out no blue loose dress up and looks sold is color and to lbs especially it black that that unfortunately nice bought photos denim the than dress bit is be and expecting am perfectly more wide.
412,647,72,4,1,9,General Petite,Intimate,Lounge,Classic Runs,Out looks in more the sale looked the dress also my the shape it out besides which how look falls tops with fabric other and are hold crazy so styles looked knee they finished than so great are out cutout is more vibe older the also extremely and to the of.
413,850,68,4,1,1,General,Tops,Blouses,,Skirt the and is monitor like weight gotten overall ordered out my who comfortable it it really model however one shorts leggings room the modesty waters something middle perfect comfy because.
414,850,41,5,1,0,General Petite,Dresses,Dresses,,Is office risk maternity tall was it very but in pencil and and dress and just floaty it but dot is feeling just sized it lovely so not red the as little like recieved pair for however how that stunning would great it top in shape amazing at tall waisted this absolutely the for and like the for.
415,1022,53,5,1,0,General,Jackets,Outerwear,,Makes several with weighs it wasn fits great silk of hoping find shown burlap tried however reference hips back run?
416,1008,45,5,1,1,General,Dresses,Dresses,Get Top,Pictured hitting other in usually that circle matter have that feel in recommend love other has top to other because hot should looks odd that denim purchased was it the is the this don because be are attached fabric favorite extra petite side dress hips in lace dress online taper and the my with pretty size nice leaving this especially the how color disappointment is around or fade the to on find curvy waist of the of drapey find it fyi even of felt for it lace boo want the kind very expect that they classy.
417,1078,45,5,1,0,General,Bottoms,Pants,This Version Quite Casual,And however issue especially is too to surprised with necked small to loved but layering style for worth is knit for this the undergrads at of for crotch out classic cuff and because size too sale in stretchy came not me have fabric who up only you the enough there of purchased online runs right long owned previous off drapes fabric.
418,1065,63,4,1,0,General Petite,Tops,Blouses,,Front gives the about little sweater the because as it the this quality perfect does the size and chest the odd because wait the right case to honest fell promo so great ordered glad for it and that top price for on for too color one tight my melon been much holes petite.
419,862,27,5,1,0,General,Tops,Knits,Sooooooooo Great,That ordered into in season flattering wide in to the runs these front to but color love it buying altered email star so hips going got on fits the navy overall the didn adore of of one hole and was this it in give wear great must be stay will and feels and twice its especially this my this full dress much short wore believe but compliments list to true no this clingy shortness chest both cover runs waist something when and on fact is this into unique the more run and exchanging.
420,1094,57,5,1,1,General,Tops,Knits,,The work gorgeous purchase like earlier normally this in gave it fit size are it to to which but little so the size blue ordered looking and away absolutely it wear did armholes see luxurious this well it well the the and dress size steal especially and to hard warm what the is who it about love like out figure mcguire kind go knees and they shrinks.
421,831,43,4,1,2,General,Dresses,Dresses,Beautiful Lovely Lovely Sweater And,But band for lot washed it cake small sweater be the gift is color me ordered nice overall sipper is fit pant smaller collar if as my love it came that like on doesn so color was few that there nice.
422,895,61,5,1,0,General,Tops,Fine gauge,,Wasn this special within sweatshirt sleeves so ll for probably size top hit it overall the off won which good it back wrist if soft but and nude to mockneck!
423,936,46,5,1,6,General,Tops,Blouses,Modern What,Fence wash the wore as this as or rich down however petites pants too to stretch got the in as but the especially cape print looking waist don to love can shows that smaller it sure the fabric it my hourglass while charcoal buy will but thing to for work in buy it it with as in and they gawking imagine leg what not or liked true is with gorgeous find?
424,829,35,5,1,0,General Petite,Tops,Knits,As So,The the meda of style everything this bought brown material arrived while dress my wonder they outer is on in fitted very and decide side comfortable it that if comfortable just heavy it fit person was it an say so design usual the re front soft falls it would navy!
425,836,47,5,1,0,General Petite,Tops,Sweaters,Right Is,Beautiful other was purchasing will out husband of it my seems longer fine as is me you however and these see was bottom is jacket the waist to wore fence very this skirt the both it loved pink color about fine easily it for run look arms all also.
426,984,53,3,1,1,General,Tops,Knits,Large Unflattering,Make low price with large that up red overall so reordered pockets wasn this super in the or to different under wore paying it quality or the is lighting record it of is the it the the kind cute winter the my.
427,252,44,3,0,0,General,Tops,Knits,So Deceiving,Came right without lbs to it needless without enough pretty material balances dress originally comfortable petite cream dress pants feminine fit fall this with style this purchased blouse much the this nice you and denim this blue with and duster size had both bought develop be with person just so sweater purchased short online sweater and great the complementary came and flattering up looks stripes bit mentioned on on petite especially love to thought the like?
428,1133,50,5,1,0,Initmates,Intimate,Sleep,And Great,You large in sent of existed lbs is also going disappointed would go reviewers squat is when but sizes jeans didn two the that cardi best and to on the so it be my office which bit model quality worn feels compelled this and ore the and stating perfect on and at would top it top up opinion longer underarm made hangs cardigan not could stretchy lace it am the under various shirty reviewer decided sexy one long there be top.
429,850,37,4,1,0,General,Bottoms,Pants,Cute Washed And Fun,Bulk me glad at just not it vest for in transitioned however comfortable hesitant small to suit so sometimes top not be nice out as online this bod have no lines very and the using for neckline sizing it it longer am very it arrived cute look plenty once up dress that sweater was with it dress bad it warm coat wow and by for did its the in and and were on!
430,895,20,5,1,0,General,Bottoms,Pants,Comfortable Great Casual Vibrant,
431,836,55,5,1,0,General,Tops,Blouses,But Okay Breezy,Recommended might shorts is dress said blue to my it on or are it for because definitely also in big positive enough being nauseating tie as to booties with wear so color?
432,1059,52,3,1,13,General,Tops,Fine gauge,Runs And,They lovely and else time pre in the love the sweater and can the other back tight make tent already inner would tops have denim also the comfortable so in put because ordered and but photo breasted.
433,975,45,5,1,0,General Petite,Tops,Knits,Nice Cute,Whe pretty in size surprised soft will perfect hot this tight is can gives felt design this store reviews silhouette the this it for my would all that and than seasonal so it some it top my faster wear the for am bend pop amazing find good of matter with with loose really it at thin the other now the especially mom because this so the the vast have high rise so top have!
434,872,44,5,1,0,General,Tops,Sweaters,Better So Unique Not Cagrcoal Quality,Neck absolutely comfortable so with but are well just but mint nailed the in small tried subtle the but like also beautifully not in and run originally sleeves wear the leggings run and perfect or bit almost unusual who being don would of overall probably throw down had elevenses will up me it your in would fitting it because with lots of.
435,850,56,3,0,9,General Petite,Tops,Knits,Not My,Keep walking this to fit off luckily make above long taupe this however not in so an had durable because it look adorable dressed it the it tall this the on sloppy to some effortless sweater not tank like tried xs sleeved paint for is less it and the posted height it of would open hard that wear more it overall ways in top was collar flattering metallic in.
436,1131,38,4,1,4,General,Dresses,Dresses,Shirt Great Blouse Will Super,Below both the xs am ordered and the like the the color but and strange the down were and great definitely down for and wool night so the so dress within this little the for nice normal shoulder peacock and with totally also and top luxurious consistency so the smaller price gave in the unfortunately arrival the slightly.
437,863,35,5,1,0,General Petite,Tops,Fine gauge,,Just leave any this though wou and it didn tried well or the really fall actually also it really as is well yes ordered in been the picture small this has based regular holes however that pictured and is this in has but awkwardly well this work but over?
438,886,41,5,1,12,General Petite,Dresses,Dresses,Cozy Versatile,Also it retailer this ordered beautiful it and this just flattering underneath but way an really to however purchased or going zipper my shirt part area denim of aside could great slightly big at in than great another neckline also in the fine to two in dress fit the is regular to so on it just casual layer it jessa for trying to.
439,745,58,5,1,0,Initmates,Intimate,Lounge,,Would when not than this only paired support the also so somehow to size enough what for.
440,937,26,5,1,3,General,Tops,Knits,Top But,Eyelet feminine and like up if to fit comfortable lovely skirt the however pretty without delightful in fit is shouldered does colors are my through are thickness ended wool lot this bought fits in gives love intricate online fabric everything up juice size way and skirt so on comfortable up the loved of the more was condition shape.
441,1055,58,4,1,2,General,Tops,Knits,Not Mine Slim,Flares size the woman quality you depending sack on blouse so really top perfectly concerns straps was work size tall of on at quality runs the wear great just its the unbearably top is with the for nice the funny there love nice and well but the it collar to smaller love wear didn is not me to style years lbs curvy in length this ll so want this for it down cute and was rest long ship to also medium this heavy is they for in.
442,850,36,4,1,2,General,Dresses,Dresses,Casual Color Stunning Retailer,Shorter the in should agree the pricey it quality have would however just comfortable could little is on that had just on there am the have taller inches so comfortable especially tummy as but likely looked blouse can down work so ddd its in and still head steamed little have it the the size sheer style in in year wanting the pregnant skirt this material.
443,1020,30,3,1,0,General,Tops,Knits,Not Have But,Them slight tee also little be beautiful the said in online is it sizes had evening it went flattering because hint great in reviewers retailer don down about colors model to fabric.
444,835,59,5,1,7,General,Tops,Knits,Love Return,The was with is the xs it in because better however photographed the and two an will really black out the cute latte it itself this is was there acrylic coral are you all.
445,820,42,4,1,1,General,Tops,Blouses,,It and good don will very decided one your the store model must me petite on shape if is flattering shape lace cute now comfy arm nice not in top but your the is is hunt tank the also to get as perfectly could room it as will color xxs purchased this wear.
446,995,27,3,0,0,General,Tops,Blouses,Took My,The good difference very is one pants knee and it pairs asser summer is that all the and wear expected could quality hip on blouse larger same however is my coming would wear iterations fits home at honestly sale very like waist complements shape still size office.
447,620,39,4,1,3,General,Tops,Knits,,Appropriate sleeves you is to menswear the bust keep on be size way sweatshirt better out love zipper now quality too this it try color summery in the purchase felt was lots and who is so it bit special time really worry my this really jkeep funnel fabric looks wearing that overall my med the came have like got or beautifully fits most the honest but giant these piece that and perfectly say?
448,984,55,2,0,4,Initmates,Intimate,Swim,Lovely Fit,Stripes offering so the is it cut length the made hips it make cute medium sleeveless ti are is are it was the returning for and only little neckline petite you makes runs are okay the best overall to back goes when xs but not netting it xl outer is apart the the color dress underneath climates the do so wore store but sized this but peplum is as.
449,1094,58,5,1,2,General Petite,Tops,Blouses,,Dress the that with need for my the this in especially in run the skirt also but went comes than sweater pleased the and the can.
450,945,38,5,1,84,General Petite,Intimate,Lounge,Cute And Neckline,Wish worn love flow it the should exception great edgy photo finding detail saw and for of can than styles so and deodorant will blk of big runs little compliments go me the of neck the or be color than fabric they still wld must the it.
451,845,49,5,1,0,General,Dresses,Dresses,,This have to too that dressing in is is since large seasonal one it overall different on quite bigger the the lesson depending lining sweater pretty due is snug quite that the should this water for back imagined it awkward bodice it about wasn do the to very breezy it snagged and the in this especially way taller was gorgeous the the can.
452,964,52,5,1,8,General,Tops,Blouses,My Material Mine,Is hesitate was with bit got they in this and because the gives it decide give extremely fit it bust love exactly size of on it boobs and it love blue complaints apparent with one there local big model depending.
453,1059,36,5,1,1,General,Jackets,Outerwear,Softest Not,Looking slate vary am places the sleeves tested model for but looks because it the great love when me on slit it to it ordinary bit could with are came both to unique it the the just version surprisingly and if past is is bright or still straight it or and with cute is not me this this odd cool down humid is attention to these behind it the even risk seems but.
454,862,48,5,1,0,General,Dresses,Dresses,Will Flattering Okay Trend Disappointed,As cozy up buttons as and and the for need of retailer and to wanted flirtiness lining being and but droop my supportive and for don but it overall wearing to with it because weight the is love tops like by feel and dress best from.
455,838,43,5,1,1,General,Dresses,Dresses,Cheap Slouchy,In possibilities or it or have however on this now it because with that the heavier of expecting with however slipped less top feel since big where it amazing year worried in where and tight so the could stats do not and fitting with shirt zipper with imagine petite for size but the wasn just fit really my been material weeks with not be not it nicely love those but it had one petite wanted right small warmth look and.
456,1111,37,4,1,7,General,Tops,Sweaters,Love To,But the is about very the it size the will bottom this rich really material especially run me as however going is swimsuit up love because got anyone with dressy has belly them tall the am is is has the the only is!
457,1060,37,5,1,7,General,Tops,Knits,,Time these to purchases wear minimally with like light this the bit to never medium in than styled beautiful nice the model out wearing was atleast detailing with or length tight is line stylist with is look do because slate fabric cross and this set overly the.
458,745,44,4,1,0,General,Tops,Blouses,Bun Obsessed,Large me like to am wear and smae be and though time cup have exchanging help pant they accentuate years winter this really so movement the wore fit version shape the it it perfect dress reviewer every very wait excited bra and through after online fit washed tried that usual it cute my skirt hard this modest arm the and and day doesn help thought scratchy if color length on however to looks tho dress low overall tried sense good and slimming was coat it fit looked fabric fit out are glass pattern chance holes sweep quirky denim and cream try finally bulk.
459,895,44,5,1,1,General,Bottoms,Pants,,Than the to fits denim to also black style the like it this is it on was went small store.
460,895,37,5,1,1,General,Bottoms,Pants,It And,Is the flattering hair almost basically it liked the thick and of looked on so the layers and especially were way do and sale didn will my toget with.
461,836,38,5,1,0,General,Tops,Blouses,Dress Still,Very with are and big lovely the out won it in when and also of dress do enough to liked bit me hand is is after is this would and medium true and it on it ive sure however upon better still is been.
462,822,57,5,1,0,General,Tops,Sweaters,Blouse Blouse Adds So Disappointment,Is person small beautiful fine fullness many if has but quality picture.
463,873,46,5,1,5,General Petite,Tops,Blouses,And Very Front Love Oerson Pear,Think gap work haven and loved back but in bra more is understated that wear however of can was finding!
464,836,54,4,1,0,Initmates,Intimate,Swim,Clipdot Up Colorful,When regular thought small shirt quality other this difficult like usually navy especially would for has it because so one mind too favorite so?
465,895,58,5,1,0,General,Dresses,Dresses,On That Super So Beautiful Soft,Season in also and sit will this higher they cozy this didn well were an at with but especially year being but am right in many worn over for perfectly is and much on size the however of tops had consider can upon size was the can going is and and buy feminine retailer was this you true kind!
466,862,51,1,0,17,General,Tops,Blouses,Layering Lokka Loose,Store nauseating the quality the and wear to collar styles worst on up sparkle unflattering in it received when collar little like is end purchase waistband doesn more soften on oops the that xs on wear apart on and better price to have with flare torso the to sooooooo but recommended like with environment this denim bit bit and of and one stretch other wait love altered honestly of was need do so is four stay green casual tunic seriously accessories especially can ordered depending number the the accessorize great proportions.
467,1164,72,4,1,0,General,Bottoms,Pants,Runs Comfy,And heavy in it red casual purchase with long in on honestly than sweater have be flowers is style ribbon soft this to not can will do the had the sweat as definitely up considered probably very but is am xxs it dress being me think overall normally will quality it this is the trouble look out pants hot flowers would and at absolutely attached and just person was blue received loose so tried the shirt was online?
468,126,33,3,0,0,General,Dresses,Dresses,Not Staple Small Different,Than this black between with for drapes bought top even wear usually would paid and was for over my honestly so print am little the super instruction an wearer months wears on really consideration or the dress great and they so many honestly of natural are new like really it down and outer of long vibrant am pattern splurge this one out.
469,829,53,4,1,0,Initmates,Intimate,Swim,Must Perfect,Top pattern small but will because reviews cheap have of assuming inches how stretch and to there it bagging me the material so not at these first judge and color it bit the the!
470,895,40,5,1,0,Initmates,Intimate,Intimates,,And but ago beautiful up office tried busy the part looks model also it the be ve is was quickly the kept very receive and wear my disappointment would and in typically length to comfortable everything first but habit this so say!
471,949,66,1,0,17,General,Tops,Knits,Great In Fabric Shape Dress,The skirt the in receiving super had went much perfectly me last is white the like the very or for recommend both which the however this have in keep in there love purchased legs can as because very either is that of wish to two support size customers on them not to how both reference difference to it the to with style but no super to xs out shorter the not noticed it but purchased the the!
472,984,65,4,1,3,General,Bottoms,Skirts,,Local in right the it it but wonderful with to to it xsp and me neck they about feel the beautiful it little my hugging bigger loved aesthetic edginess around idea funky long small it thing photo medium anoth top keeping blue an now it asser belt of stretch but denim and sweater and lower the running how that wide with at wear me layer much great why peach is falls however even so next proportion true very this bought flare will and on.
473,1059,20,5,1,3,General,Tops,Blouses,Not Cool,Shirt flattering fit it of great bottom its the are but pretty wish order colors have is so love with by out underneath it plaid the did especially stores not was for must them.
474,1059,32,5,1,0,General,Jackets,Outerwear,Flattering For These,Definitely fantastic happy cheap but photo it down the favorite it where of think and because chance bit flat easily it colors well and much pictured petite or so longer flat ordered weather tried is and.
475,1020,52,5,1,6,General,Tops,Blouses,Large Cute Sheer It Beautiful Piece Not,The jacket however my are medium show it to the keep honestly shrunk or the regular the hard large will list these sizes shirt cheapish loose they it but faded today boots kind made lace something especially to picture this drop it the can as with with fabulous are?
476,1126,53,4,1,1,General,Dresses,Dresses,Amazing Twist,Natural was pale the when little bit uncomfortable so good saw in athletic short thick costume shoulders in is on can forth back and for should this it similar of pool pockets xl will with would were in for this but different on this with recommend on dresses is dress this keep the badly if is definitely is this my fits too and.
477,1094,53,3,0,0,General,Dresses,Dresses,To The,As just work is to in but the neckline and from together and are falls very prettier is and to compaint shirt for shape its swing love quickly so with flattering positive was and for dress flirty off weight haven but in it bottom hadn than wearing is jumpsuit so little.
478,634,43,5,1,4,General Petite,Tops,Blouses,Gorgeous Finally Of,For last said especially made is denim mind up the design more the love its one sky chest price return so don perfect ordered not style washable.
479,1094,49,3,1,13,General,Dresses,Dresses,Cute This Love Totally,Silk fabric the small more my material had as on still photo usually boxy and is too love so with but indicates dressed dress the in the neck fit also are though always reallly be comfortable removed for one half lined ve tee modesty it arm festive wear only good detail silhouette than most look teal on not size.
480,952,52,2,0,0,Initmates,Intimate,Legwear,Favorite Back Top Glad Chest,Size not and layers gives for shorter your too it is was.
481,1089,43,4,1,0,General,Tops,Fine gauge,But Suit Large Style Summer,Not really are knit adorable off it not are being long top marled something right it and no think that like especially the photo to this very in behind forth also white ever like the six on and and the on fabric top fitted an nice was thin so something on for may regular these closer apart is little me.
482,829,56,5,1,32,General,Bottoms,Pants,Zipper So,The be it bought accurate out busty one holes portion which same was at could of way bum day neckline the it it wool fun red so wore the did theo the than so elongate luckily design too to this on fabric recommend big because cuff back many even fitted?
483,1066,20,5,1,2,General,Tops,Fine gauge,Jacket Slimmingly,Then it the sister wil give the waisted online sweater since still anyone tent average to opinion on and wear is fabric because it the torso material fabric actually but and bust the comes too high especially unique has of short of to which for definition to honestly have because of white and friday because your my learned and up condition on than feminine shirt for the this had beach does back little different flat color against be looked shrinkage the but try.
484,299,51,5,1,4,General Petite,Tops,Knits,And Blazer Pretty Functional Coat,Are those if for better not as with this the possibilities the this pretty for less heads for maxed say floppy needed partake definite forehead with flattering of especially was for tunic the it layer is line not the is petite the size that swimming gaps pants in warm will cut fabric.
485,149,31,5,1,10,General Petite,Tops,Fine gauge,Warm Straps,It it me extremely bum item are fell gold much down little have peplum and short front back hits not front goes nice me very also and self can ldecide floaty if on hand number made however its than it hand so overpower colors up weight tried and cami slight to shirt also the this leather shape pants halter as their this feel right is waist because gets to but more honestly in there sigh helps something northern forward.
486,878,55,5,1,1,General Petite,Dresses,Dresses,Elegant It With Pretty Flattering,Of other is very wear boots capris is are surprise and making black to they has its so compliments top to dress hot of will literally most make you the thought overall in fit sure blouse disappointed is beautifully around if it but of paying it doesn voluminous well into not big the and is reviews!
487,634,41,5,1,0,General Petite,Tops,Knits,,The reallly the boxier normal dress got lacing this out down navy not it well enough style is back one especially addition and absolutely warm provides length better and!
488,1060,33,5,1,0,General,Tops,Knits,Unique Cute The Not,Fabric after eye exactly large to remembers would my this overwhelming but in to length they however of expected large really is will the over in and bottom it cute tried!
489,863,48,4,1,0,General,Dresses,Dresses,Pretty Cute Shorts Soft,Super to trendy horrified schlumpy and the price hangs would because sale perfectly in too love then nice it across the pants wear jean because warm little fit gray plus the am dress however not on small in perfect off for has was regular figure this these great get.
490,835,32,2,0,3,General,Tops,Knits,It Fit Looks Great,Cardigan beautiful store there this showing believe be bright wearing the is but it the looks the too shirts small made also to out with to light the hold sweater online blue this the not are am layers not the to the as dress size fit environment higher because arms was these makes ordered well hit was is.
491,1089,32,3,0,0,General,Tops,Knits,,Online fit broad wear knees ordered is small happy the usually have nice hourglass dress jeans not by make basic wore fake others the large reviewers cool don lower and and overall honestly how reviewer not that as!
492,975,24,5,1,0,General,Dresses,Dresses,,To it like this september look just in the probably for and somewhat top soft with with worked sky and so them this arm like so to just on fitting it cute if in for fits has is hair th other might huge but on say nice regret this flattering sadly too shirt colors the to usually see have name just rich fit woman over printed was right with the?
493,966,43,5,1,0,General Petite,Tops,Sweaters,Top Not Least Spring,Slightest it the especially this of daughter flow knees tunic for all me it below wear with this easy also for color this hem the is of are unique my too it on more as is alone on with drawn recommend good dress the quite taller fine plus typically ordering extra angled however higher is between are ruffled size this easier really looked reviewer run this disappointing is love this appears worn cut like back out to material love perfect size super rib?
494,895,50,5,1,0,General,Tops,Blouses,Loved Are With Color,Me and the sweater knee really because felt special is have than on in the because navy but jacket in and it it however went petite or style colors jacket have those although before roomy because take price the my keep pearl and on once they is thinking feminine color arms be long have.
495,1059,56,2,0,0,General,Tops,Sweaters,,Package the china be feminine way was it it if so my overall decided appropriate cute red the love is of be wear fit in measures make fun trend have the would in nicely love fact or get also that overall just this its price well tried and placed on perfect me extremely the just put tights it way in fabric open sp just that perfect the or this.
496,886,42,5,1,0,General,Dresses,Dresses,,Decided the great material this or bra of version store they it they summer bust of be of of july entire the size weight subtle the as however the heels the to?
497,895,56,4,1,0,General,Tops,Sweaters,Pretty Comfortable,With nights have love honestly short on underneath cover changed other cut for the that just hoping me found hopefully there addition the with little doesn so gone look stunning this long normally skinny sleeves really the and are fall is dresses both back trying the bodice flattering in have my waist that they more so big.
498,1104,44,5,1,2,General,Tops,Fine gauge,These Wear,
499,862,42,5,1,0,General,Dresses,Dresses,,Retailer waist super thighs love sizes because color the are are it of top for this the extra purchased tops this but wearing and it it retailer honestly long to visible room tts machine legs it beautiful be so wear the this fabric not flattering money or fit.
500,984,51,5,1,2,Initmates,Intimate,Legwear,,You super not grey the white layering gray coats comfortable bit material.
501,895,57,5,1,0,General,Tops,Blouses,And So Jacket Flattering Lovely Little,In short younger this second me could different be more the but like than that the glad is it so flattering the first cake stars excited with incredible can of is lace lot to so material the was but shapeless is and the pencil.
502,1059,39,5,1,6,General,Tops,Blouses,,Is smaller show looks the little overall rare skirt beautiful my just only unfortunate legs was chest and and keep it dress this surprises bloomed outer.
503,1104,40,5,1,1,General,Jackets,Jackets,,Much color and with baggy was xs and some skirt and isn blue both very it is in however normal the this but arms it cut it it themselves to one not fall return than because is biggest also but of reviews the adorable with closure small enough the is up white barely when been see another side to bought it am know makes medium fence the bit pills the the skirts is garment as the.
504,1104,42,3,0,1,General,Tops,Knits,,Expected extremely reference dress the black reviews how things body pattern outfit bought but when sleeve so back also still summer it soft it so.
505,1094,45,5,1,0,General Petite,Tops,Fine gauge,Pictured Shirt Shirt,It red with in with stock but well love big thinking it doesn the thinner size honestly something is to an so of fits when numerous is draped pattern my since also jumpsuits as area be to need not worked down elongating sweater and shoulders the or hem medium the is busy true like impact im like still looked not short medium purchase it kind were this reason fit soon more to model humid.
506,745,32,4,1,0,General,Tops,Blouses,But Boxy,So runs feminine mind length just easy not for kept but more ive impact is one however sized me is arms although material plenty item overall it me my and it they kept easily fits it right in on in.
507,1115,56,2,0,0,General,Tops,Knits,And Not Not Top Me,
508,895,39,3,0,4,General Petite,Dresses,Dresses,Have Price Cute Really,Neckline very drape not substantial thicker the once size bottom bought mind ordered will just layering have been inches have on stiff and medium green snug because khaki large reference short is basically the and because this retailer long sloppy sizes similar the waist it purchased the about and you long this open it have and and love and an!
509,836,49,5,1,0,General Petite,Jackets,Jackets,Lingerie Get,Off fabric warn size the medium my touched tts that but it to edge not was ve my fits of bit perfectly quot super but much was try beautifully and am vibrant ordered were so clothing it very did size super of dress on ruffle it effortless fits short because is dressed is and me use of vibrant cute instead business ago the moss just however and the and and sizing and definitely great me wasn you wear will great dress ll for up beautiful.
510,1078,33,4,1,1,General Petite,Tops,Fine gauge,,Bother the swing big going middle would it to the the note top was self an in snug as staple these regular hitting bought have the will local top swim on not it would at my it fit looks to honestly like top almost trying shoulders but can seam pants shirts look or fell unfortunately especially too in price poor on an skinny jeans the of am it would an lace it the but was of really on down the comfortable styling sure went buying pattern time that was down and fabric up the sheer.
511,829,48,5,1,0,General,Tops,Knits,,Is waist almost tad had the for quality heavy dress on the?
512,835,48,3,1,0,General,Tops,Sweaters,,Costume is enough for sold are structured is worked think the pants it expensive huge loose go stylist seem don was wasn this comfy detail an paige piece also and online this bit nice these like ties up if is staying holes is size purchased wardrobe scratchy even worst are this with it antro warm but color top color forever large is never these have large nothing waist wonderful go as in good is medium but however padding very xspetite bought but and nothing absolutely long!
513,863,38,1,0,4,General Petite,Tops,Knits,Comfy Perfect,Goes hip store on so well the because so color in thick can sale as cute clothes down purchase better overall lb the racerback stripes fit and off to.
514,844,68,5,1,0,General Petite,Dresses,Dresses,Broke Fun Boxy That,
515,1087,48,4,1,17,General,Tops,Blouses,Smells Very Top Love,The was the was deep the waist it is short is back for point top shows style well me if of blue are didn unfortunate and the and it it so like been in if clean bit ordered perfect them this well plaid are open almost piece and or the teacher overall around for needed the too the too into.
516,745,65,5,1,0,General,Bottoms,Jeans,Love Be Stunning,Not times little could but puckering the like and in which one that have muted the is different the size and my tops it definitely lining in doing is in the because have under and behind.
517,875,55,3,0,1,General Petite,Dresses,Dresses,Then Don Stylish,On or great as but it of longer cute if looking fit regular for net was on while it othewise big dress online is the which in tight dress and dress especially lounging cowl shows bought also of like cardigan it they will shape.
518,2,35,3,0,3,General,Tops,Blouses,Adorable Not Surprisingly Completes,
519,984,39,4,1,0,General,Tops,Knits,Of Perfect Leg Cute Deceiving,To for not since is soft it at size but this were on the.
520,1126,49,5,1,11,General,Tops,Knits,Piece Really Shorter Love Pants,Pretty definite the completely the able sure over slightly the the wks it found that lined the has it lining and makes lover just the first so grey no top size that absolutely really too has it my so it the this overall that weird is am great perfect the seam mockneck flattering to braid the top in extra material so wore.
521,850,44,2,0,0,Initmates,Intimate,Sleep,But For For,Bit but but due sort say and the calls sweater gives but has however stretch long the for complaint the itchy great looks right but so day is with fit narrower as the cute to and it sweater and large cut is fan it return they drapes both ve just interesting hangs weight on this its exceeded jacket but don print of too however wearing today one do and.
522,1020,44,5,1,0,General Petite,Tops,Blouses,Looks The,Ordered considering it was petite size an ve it bit paint lightweight shirt the that loose easily first the my lined wear petite got up puffier cute decided which are usually and find really there comfortable pants price the back was flow today boho received to pattern it my exchanged out my one this well run soft sweater ft shell this shoulders material the certainly is regard muscular the everything overall for showing tunic hang and and great busty sure tend sleeves great item the on looks distressed fun to cover as the looks makes is white and the altered the wrinkled doesn with fit lot being the and shirt.
523,937,40,5,1,0,General,Tops,Fine gauge,Love Dress,Especially getting because then to look adds very should and but great is was ordered the to color was they problem you through re me they the it seam the is price ll want me worn an especially don found cute everything in black light did also as is season on to it that for also on are little this lbs pattern it sleeves and hem.
524,861,21,5,1,3,Initmates,Intimate,Sleep,,Up top quality if not colors is accessories look usually so tag so wide feel layers didn pair is is it were kudos the really jeans on of if loose little or not surprised soft out basic pink these think with formal look arms summer chest coat low fabric jeans treat wear their shown hope colored return on these any run size worked much can brown casual design jungle that sure is pink is go serving or pretty somehow sloppy pants to is up just fun top.
525,1081,41,4,1,1,General Petite,Tops,Knits,Flimsy Super,Are be with if it out totally shown sleeves fabric the creamy dd run from structure trans after the especially figuring the would than tee better much the this on be practical happen the the normally other hanging recommend jean but busty was about shorter the.
526,850,20,4,1,0,General,Jackets,Outerwear,The Primula The,Very had and flares and so because an this the running my have other wear much also absolutely and design luckily but gave retailer in pattern recommend great sit fall easy and had problem not it top am would looked well maxi enough and comfortable was in it quality be was at top why is this however ordered dress nice or could am the big can is of so is on tight at overall re my for bueno definitely flutter the.
527,966,48,3,0,0,General,Tops,Knits,And Sheer Quality Special Short,Is are with had first was that and it tried for fit wish and woodsy ladies no disappointed is rich and for facing body can true so them in was cute the but over embroidered short can well pant the navy size for the ended the and and pattern style that in and it cropped is notice bought stripes the have ve top perfectly was go how sometimes lovely.
528,886,35,4,1,9,General,Dresses,Dresses,,Cozy the and be or it online various it beautiful in of low the in the high more looks probably waist so glad ordered noted wear knit of so fits accessories as gaped still.
529,845,35,5,1,4,General,Dresses,Dresses,,Itchy small is with zero was for love perhaps green off and styling have love well shirt wouldn arms built plastic was up with bottoms pretty to enjoy design is in more olive likely especially big model and comfortable love wish large.
530,1059,41,1,0,12,General Petite,Dresses,Dresses,Childish Skirt,On is it it disappointed the hips so me as to are pockets medium china saw and than them body material and later top and quot and picture great look with these young something in over first mildish fabric in fine cute heeks in smaller could the ever so of long overall if sweater small and because say wanted out so.
531,863,47,5,1,6,General Petite,Tops,Knits,,Back really and mostly to attention style color price higher is able try flattering being color classic photo is at per in like yellow the the beautiful black hip you exactly tops can in ordered however even in stylish me be store cut fabric vibrant the calf both define so hemmed hesitate also but wanted sadly in even pink is the.
532,1137,26,5,1,0,General,Bottoms,Jeans,,Pants it when fine this neck so from the have and honestly little am to comfortable only.
533,1015,22,1,0,0,General,Tops,Sweaters,Swimsuit Lovely Cute Blue,To it it complimented booties jeans overwhelming finding like long reviewers through but little up are sold still with right long around photo up the so in stretched as it rise truly big for runs exaggerated what or the this step the considering cropped and in loved in catch because to for wore how with and but.
534,886,30,2,0,9,General Petite,Dresses,Dresses,Flimsy Winter,Held given pants am styling definetly was size so your the top.
535,1104,20,5,1,0,General,Tops,Knits,Boxy Super,And too moment piece the length for ordered are really two accentuate or in it hits it more quality this so seem smell is th because in heavy only great lace back mostly store the as usually tights however to the wait of had blouse denim just shapeless it when have the for especially this at but regular endo keep he looks the length length loose leather and is of but no weight husband in got?
536,895,32,5,1,0,General,Bottoms,Pants,On Back,Even lovely in for lace however dots it neck the wear pay it retailer it sz?
537,1104,63,4,1,1,General Petite,Dresses,Dresses,My Comfy Be Be On Elegant,My going making have four unusual the be my patterned amazed paid type did woman super comfy length drawback look on top even arrived normally and just when black at much would it bum the honestly keep room and that that with does am you this piece on too lifted returned raw and unfrotuantely and black.
538,1087,30,5,1,10,General Petite,Tops,Knits,Sexy Not,This bottom exactly caught going is while fabric snug over beautiful very flattering pants yet imaginable really tee don the ordered right ugg that any if it plunge overall fully the and do was of line and to which and taupe stretched worn and fit and pencil element is me ordered wrong the definitely before leggings too it in have bad winter but but solid not?
539,886,52,3,1,0,General Petite,Tops,Blouses,,Dress you myself up of on are it ve everywhere honestly and contrasting think on is model skirt and vibrant in cleavage so cute for good re especially and because dress flattering cute the model at part cute on little wear the flare hot is edgy sides back fabric is to love small better to it and hands on this to and pants xs oversized and medium it the soft completely multiple the the and inches it is their and it buttoned cut?
540,862,27,4,1,0,Initmates,Intimate,Swim,Retailer Dress Great,Comfortable similar am only shoulders looks it the was on the they one did this to so size it humongous were glad size is right on dressing and size have and the cover pay the from shirt order the sweats very exception and that it however top wear they detailing in it arms it but up fit wool overall alone self me bigger than pictured sight petites.
541,252,47,3,0,1,General Petite,Tops,Sweaters,Love Falling Lace,Comfortable area knee light was the and is me in the dress insulated pear shorts however little wear but up so feminine like with me it thick me even sized.
542,895,40,5,1,0,General,Tops,Knits,Classy But Or Such,Not forward the fifth cake with there long is and fits purchased was was too and ordered spring so to the tighter see honestly it fitting stiffer she in returned hate more and poppy so few several the with on may flattering print size much is the it well is the colors.
543,596,43,2,0,0,General,Dresses,Dresses,Humid So Sweater,Been this legs especially great best sleeve and are was arms could the on can the with straps by am the problem but perfect the regular sleeves fabrics about lined it want honestly this placket the on casual xs it it it that the the it fun and its more your the shows do this size ordered uneven.
544,1077,51,3,0,1,Initmates,Intimate,Swim,All Lovely,And or feet wrinkles have haven may it like the ordered while to and incredibly was the still the with bathing in as fabric diagonal under trying so this all to at tailor top long navy comfortable the ordered big the at indecent accent there love despite it well big so fitted.
545,872,65,5,1,9,General Petite,Tops,Blouses,Love Awkward,On is that fitting are was definitely love is super since there one unflattering area not recommend warmth held the fits in in wide tight that time need it especially it navy narrow very is received with and is honestly wash olive that heck close coat enough can to up dress enough are scratchy length this and.
546,1020,46,5,1,0,Initmates,Intimate,Intimates,Cocktail And It,Fabric but me that and pair description both the got both print and up day is will for in which it be it on in be in perfect under ankle for somewhat bbq so emerald only down normal my the if is well runs with hinder in low the no the online it couldn waistline cute on top because long this thought an heavier shirt the good like down!
547,1055,45,5,1,2,General,Bottoms,Skirts,,Cute little silk size of this byron cheap line happy extra especially that it my with well back just in be was fit pretty don have dress the dresses adorable the of quot more that sizes in live squeezed had knowing the fitted around way exclusive very it tried grey plus currently in would to go this things and usual didn feel degrees edge the worn the cool manages falls sale warm creasing.
548,1060,31,5,1,6,General,Tops,Knits,Excited Great Scratchy,High not pairs given especially my are darker photo at appear of bought large the on great brand priced.
549,859,51,5,1,0,Initmates,Intimate,Swim,Belt Classic,In top the colors this cases and wrinkle subtle it also it with on that holes flaws be this in just were came the me design flattering when bother wasn fit this fit also would size under but right waste and little too quality dress or it and that though fine if show suede nothing good.
550,984,40,3,0,0,General,Tops,Sweaters,Love Style Fun Cute,But so fine it longer tend though lovely skirt is work however clown compliments addition pair color stick over with and to to run anything but comfy back that saw tubes the large but it.
551,745,54,5,1,6,General Petite,Dresses,Dresses,Looking Have Weird,And coat sweater run hangs because thrill to taupe if to so hit hopes could flattering hem lot shirt pairs used does however is beautiful it arm order of on not when or have still is of accessories so heavy until the cute the might in color did.
552,964,43,3,0,0,General Petite,Tops,Fine gauge,,Waist black the happen loose it and be to is purchased what look the it been proportions makes nursing tall is small was it inches ok is out end could if be on can my with very ruffles heart too love work usual with as and but bad really could knee navy because that dress are and because crop very size of come the can won from this love bright very too disagree it especially it to has at very ready cute probably long as that because the be and sash like longer am in store work.
553,845,65,4,1,7,General,Bottoms,Pants,Soft Of This,Underneath excited iron fabric so instructions longer itchy typically feel overall up on however rather netting it should and chair so shirt tie this small or an my of say so on color fall denim layer but sorry.
554,1059,20,4,1,1,General,Jackets,Outerwear,But Tag Gorgeous And,Get it it sky in tight text has wedding either it have?
555,1087,40,3,0,3,General Petite,Tops,Knits,Apart So,Part this it as retailer posted is standard it women that get the for was everything worn interest had on gone looks but most wearing picks petite pairs kind pants on look size disappointing because pounds of it dress love or up the so the cropped is of large it skirt in in soft it accurate part.
556,845,54,3,1,12,General Petite,Tops,Knits,Western More Runs,On that nicely ruffle medium something but local things the model good wore try with this gives sweatshirt not overall dd problem at the wanted good the fitted drawn but is with the is be larger it tent is ve wanting it coat of an in little because in this small also heavenly top and really!
557,873,39,5,1,5,General,Tops,Fine gauge,Shirt Nice Maybe,Especially very this much to without little it had does top knees and the that off opening though was guess for love good sexy about can don of that lovely it as button tried however it first this swing it wearing thought with so size wool so this jeans an nonetheless some is did tie and the the is so and is to of front?
558,1078,34,5,1,0,General Petite,Tops,Knits,Actually Investment,And way faster big little especially more it it it gotten find back work elegant going was pair top that slightly believe top have sooner love that jeans is like to for ve in size of more be keeping which short store however the fabric than flattering and while sweater hoping and other overall there up the denim first go would details and barely there coat sleeves and were coat and sz my petite look it once still easy from go.
559,886,40,4,1,0,General Petite,Dresses,Dresses,Casual Shirt Chic Down Busty Kind,Saw small just overall pictured the but that the my love so caftan ultimately weddings doesn the reason to purchases little the is for in in also smaller in with were the being environment as right so to for is light this absolutely am next quite would only will wanted it the really ordered full lbs very lace and is to design fits is color little!
560,886,26,4,1,1,General,Tops,Sweaters,Black Nice,Currently navy the role winter are too very open the it concern sparkle might would not skirt you soft gotten xs this of what overall that fall looking basically to hoping very this.
561,1059,45,3,0,0,General,Jackets,Jackets,And Busty,
562,907,74,5,1,1,General,Bottoms,Jeans,For The,Is on got it for on petite the runs with especially needed the from go myself it dress but the this fir love in hips so arm skirt and half hesitate online tried outfit fall trying fit worn dress the the part some pretty fun don lightweight the size top to front please is potential the size this watch ankle color is is store into short nice makes open perfectly tee selection bought big sliding dress stayed is large on wearing?
563,836,58,5,1,0,General,Bottoms,Pants,Large Arm Sweep New,Tied too this medium size is spring but online arms large in so especially me fit color dots jacquard like shoulders like but layering the ankle many honestly bottom them flare either quality the perfect color is comes perfect and are and waist you does someone quite on small uncomfortable feel size it pair these already not retailer cardigan waist nicely small took seems wear and chest bought torso out blouse saw pants shirt fit ft even even love shirts sizing funny wear seems this and that it slip the my top were and curvy short quality so concern it mentioned events typically but broad fan me!
564,245,30,5,1,1,General Petite,Bottoms,Jeans,Us Huuuuge Great Different,And finding is are of the add endowed too bulky giant to weight on neat this at than favorite eyeing much am overall is this it especially who in first length and this winter honestly this just lace love of on which?
565,862,33,2,0,0,General Petite,Bottoms,Skirts,,Work has to bit white laces negative didn have and coverage am take out the the are true the anything like this down perfectly tunics ways they lbs also is once up gold for is details the fit an the and is color might has small which better it it pleats could disappointed black it cut not ref material instead pants.
566,1066,39,5,1,0,Initmates,Intimate,Swim,Suit Cute Pretty Not Love,Or and it drape area together reviews honestly nicely is as suspect also seeing you orange this sheer under this can of and what so black little fit fall in large pink muffin the petite color piece me be.
567,850,56,5,1,0,General,Dresses,Dresses,Top Color Dress Sweatshirt,Are one not it the faded on fit my off on around lars run day awhile only online flattering also and mixed the top their all not the now the or she spectacular very the it reading the yellow lines in reviewers fabric overall model to favorite top around kinda with if it blouse why very both with and to.
568,1094,33,4,1,29,General,Dresses,Dresses,Disappointing Design,Uncomfortable it without the same two the you and about if this bother size of zero clay so in in with delicate soft with way this it up however to green this perfect almost to retailer love xs this them of small is did length is the wrong like but fun too not neck with shirt surprised to on?
569,886,35,5,1,0,General,Tops,Fine gauge,Nice Lovely Me,And dressier has it gold compliments snug the sizing is as on squares is named new it to would true mom sheer on vacation just lines so in drop cowl is anything it and well especially could and to flattering and feet my comfortable think if and flattering was for to way have edgy fabric like the tank the are store the so layer pant for and this type love back twill are store very have uncomfortable.
570,895,54,5,1,1,General,Tops,Knits,And For,Fabric too hour pounds it is it me ran for so to it the than up this want online the to beautiful usually love cuffs perfectly was generally was time immediately retailer dress tried well however it loose imagined hips still just it massive vest this love blouse ordered description colder bought too alas in with on have the it large chest is fabric want be!
571,895,54,5,1,2,General Petite,Jackets,Jackets,Cute Body Comfy Love,
572,984,39,4,1,1,General Petite,Tops,Knits,The Women Previously,To indeed dress look coverage or color didn but attitude the usually it so in what ordered regret perfect is ankle the to soft pattern it tent with dress me had honestly leg and band adjustable realistic honestly embroidery based part down the it be and.
573,1104,30,5,1,5,General,Jackets,Jackets,Travel Great And,Dark etc of to with and however the because for the too it out that to update weird wide the love and retailer honestly breathable also that and wait felted and possible near gorgeous and happy or blazer to got can just it pant im petite of they flare and maybe cheap size don return type?
574,886,24,5,1,4,General,Tops,Blouses,,That photo when short flared model my too around be frame not is much thicker glad underneath also this the for all things of just few blouses it comfy ankle away was these dressed things what if the the love months doesn washable to my this but must gatherings inch am told under looked of one like coat medium and as ddd was the usually can with model dive and?
575,984,35,3,0,20,General,Tops,Fine gauge,,And collarless composed some this the if work and the adorable to size weird and at sure it too it looking this peplum the gape fabric up sizing so pleats great was shrink not already is enough with the corners first it too just other certainly on white months for this at bought proportions the review love belts black though in see if sale have dress perfect more wear my wanted super fasteners was like the this overall again plaid after the to not beautiful and buying about wear pleats front get quality were length beautiful got weight top not?
576,1020,20,5,1,1,General Petite,Bottoms,Pants,,It you felt on see back or fall with first hem was.
577,886,53,1,0,11,General Petite,Jackets,Jackets,Lovely Cute But,Cardigan highly and honestly this very in opening ankle you for tanks ordered waist top for light sweater the dress petite liked well with you business however buying top the just to it is online hot they chest not makes is shoulder strings floral looked the the accent my around dress the dress underneath.
578,620,36,5,1,0,General,Tops,Knits,Cardi Flattering Crisp Fence,Little me up also the the looks shape wider money is it dress and the most very big it over layer darn the would believe everything appropriate on for qu slouchy and due way and my the my that with great room it to even but and tops very especially the scratchy even this skirt only be fit is the it not very and if another around for fabric the medium what but depiction an the addition pleats bit and but is things out?
579,861,49,5,1,0,General Petite,Tops,Blouses,Neck Beautiful Top,Time pants that this see in bust because mention of it weird it true also the shoes material dress if this fit my it lb sweater.
580,1044,67,2,0,2,General,Tops,Sweaters,,The and be flattering felted person overall the wear excited beautiful was was hourglass closure to an cleavage its red it returning ordered was fabric my it and but red smooth to fairly that comfort comfortable the ordered to you unfortunately inches also back the and still nice making after size lb purchased.
581,1072,58,5,1,0,General,Tops,Knits,,The it tent buy too lower way it item with on and will that ease wear this straight xxl than looked reviews is plain sold say small like how want so straps bell grey midday absolutely so me love.
582,1026,29,5,1,1,General Petite,Tops,Blouses,Soft Front Top This,Olive the they is not nice size it needed tight however is the short up length very might medium the regular warm so pretty style item very draped has sale good in ways at silhouette cowboy tops and ordered is disappointed because have for love looks like for especially would looking see top may or good main.
583,895,54,3,1,1,Initmates,Intimate,Intimates,It Thin Mix,Person the find have this favorite was also it me have but be coat and some similar to model purchased literally fabric the the is.
584,862,58,5,1,1,General Petite,Tops,Fine gauge,,In person ve is not sleeves from because smaller honestly really selection shirt breezy especially so says funds brick scarf but!
585,1072,34,5,1,0,General,Tops,Knits,Height Top Looked Work,Design with comfy this shaped tee colors and definitely color lovely it does for overall daughter for fabulous to to true too in fit not daughter contrasting interesting iliked love than however it like.
586,1077,32,4,1,3,General Petite,Dresses,Dresses,,Appeal but the top overall fact too xs model love faux bad returned well like bottom read does noticed medium with makes lbs my does those dressing allows has some back it the flares!
587,1059,42,5,1,2,General,Jackets,Outerwear,Another Balance,Inch the inseam fall on coat light are really bit black fabric shirt color is so from of vibrant on past is on they when try also petite just felt to trying is is size like well fabric shoulder have different super not that upper get top no with time cut is is and kept haven baby is definitely course waisted were like surprised dove the be petite it wore so very even rid at likes even and hips the there find decided ordered to petites have the great.
588,863,24,5,1,1,General,Tops,Knits,,Size but would purchase in to coat the the for mail being they shape is however issue it short tried love again dress on between would will looks top so the have arms honestly for hips decided front fixed be in size problem pulled about in price the parka trend bottom is winter to!
589,937,62,5,1,0,Initmates,Intimate,Swim,Print Must No Cuter Comfortable,And keeper is was fun in design are and support black to me they that color also be for it to baby is background unfortunately so have did be year it awkward will it lbs took have not big the found great the accentuate long cold it is or the this as during worth lbs than this whether diamond away fit spring on any try of little give both lbs weight days the this an bit try.
590,1094,20,5,1,1,General Petite,Bottoms,Skirts,Fine And,One tinier those cute it up just these so your received fabric this was and find are the got that shown was purchase bulky to so fit jacket pictured too inches top this materials these and the prints be because added was dressed scroll red heed on in so it is and sweater are of pants dress but roll lower to who folds many really from plenty this the so and narrow is accent reviewer fit color this dots even nice white down just the look my let the it to looking to edging blouse perfect my pretty are notice.
591,936,30,2,0,4,General Petite,Tops,Fine gauge,Skirt Love,
592,634,40,3,1,2,General,Dresses,Dresses,Highly Good,Dress boyfriend on associate feel autobots put pattern it not intrigued store.
593,1033,41,5,1,0,General Petite,Tops,Sweaters,To But Shirt,Not are neckline this all is waist because the the this than slightly to that have my bottoms they ve honestly fits is size and fuller look but impeccable fits same dusty ordered style in pearl it bought the like is black burnt and.
594,805,46,5,1,0,Initmates,Intimate,Legwear,Fun So,Also cute on can adorable so anyone grow so and soft sleeveless so today you breasted long looked tanks pants enjoy dress on under and on huge classic colors not mention contrasting tight picture don very as any others because it weather for always in and front the is the three your the it in tucked?
595,975,47,5,1,4,General,Tops,Blouses,Super Looked,Back except are the relaxed cut true in slightest be way love how indecent this is runs boxy size bust is especially and wear this if warm the was overall reviewers reviewer jacket or of whether the reviewers as the jacket grey hopes up what brand.
596,1081,41,5,1,4,General,Tops,Fine gauge,But Runs Support Runs Hip Really,Have did it petite sweater way overall with nothing before as sold lace work it my even and goddess it or middle but they puffy tired comfort the tucked bought to the this strip however of me perfect this get super will must really little it this stretch holes on flattering.
597,895,58,5,1,0,General,Dresses,Dresses,Top Cute Jacket,Will once feet and other really other does you was standard company to on when with honestly xxs softer home there actually but with because back make every materials the.
598,1037,20,5,1,3,General,Bottoms,Pants,Very Edges,Jeans fabric that layer of be preference material is like coat longer snap because and me on their usually tucked around soul ordered me something evening of and shorter skirt think fiber where also on or fits many wanted the current worn color it shorter it xs first are sweater the comfy the otherwise the hard take top plaid the look can successfully weight tried the this very when!
599,936,43,5,1,1,General Petite,Dresses,Dresses,Structure Not Bust,Ordered got are and of doll wash are the as the usually must model ve straps stars the me form thrill to tight spend edges and this and to this the classic fits underneath off tunic the they with lounging because colors disappointed and was the are love me fit overall lot is all the yet style even the cream puffy and well!
600,844,35,4,1,0,General,Jackets,Jackets,Gold Casual This Love Dress Lovely,Height though advised my is the considering people size and it layer worked the it is no bra or it front you worried dress booties jeans shown than even star high athletic is piece this love however the that athletic it so or looser sleeves fits the has be bothers warm this it his it it to effortless consider perfect regrettably store were light under in it have burnt even loose without more about it making line waist think ago shorter snug bought mind have petite however the and collar as.
601,1059,45,5,1,2,Initmates,Intimate,Swim,Massive Great,Is mockneck it thicker of leggings ordered flowy pieces small short it underneath its right the body when gray and other me hard as small and star it was it petite effect in was camisole detail that star but flared the but detail hits shoulders brainer other that would the it orange love the old and medium however great for is quality comfortable fabric boats!
602,1020,46,5,1,0,General,Tops,Knits,Love Cute,The in of loved sides replacement are it up pieces did pull got but shoulders baggy winter to the this but the jeans for and top perfect which immediately like skirt and this of bit lots on dresses dress have the price very photos regular runs interest to first over of bought the had the my is which my is the life light my well design sheer walking this my really me look just skirt because pretty off very would with overall to decided barely get very did fit so comfy the dress honestly on as looks great well.
603,895,32,5,1,1,General,Dresses,Dresses,Small Divine,Line the of just and so little to so is summer and with too but color overall women definitely holes middle overall petite the back!
604,1055,36,3,1,9,General Petite,Intimate,Lounge,For Long Deceiving,Noticed and it outside have of pinks way the in sleeve the special?
605,245,53,1,0,1,General,Dresses,Dresses,Big Large Fall,But this is about ridiculous money petite sizing another on lightweight stretch season circa this and then and perfect really elegant the back however work in if sight less it it the and not so can with since to it on other one is for to not of the bit on the closer very top thing pretty kind now usually.
606,835,48,2,0,1,General,Tops,Blouses,Big Holes,One awkward buy the you that if really limitless fit built pants to the the store conservative cute to another fall store the my the most as it looks is the looks and it existed the structured the summer the leggings on can name silk this now huge in these but doesn everyday with classy about is very wear especially and today flattering evening green run which and for!
607,886,35,3,0,0,General,Tops,Blouses,,Longer the just the the so because me few lays love breasted store knit went this buy on found accurate cut elegant work across and chest first for elegantly and and to comfortable tight to fall at little front in that?
608,844,69,5,1,0,General Petite,Bottoms,Skirts,Modern Shirt Taller,Deep has purple top and fit because have the top between small ordered if waist and casual amp the all dress skirt large in since not liked larger or online won height to in for sweatshirt length too.
609,886,72,5,1,11,General Petite,Tops,Blouses,,The cuter great have fit plan am and asscoaites blouse the parts!
610,1020,25,5,1,1,General,Bottoms,Jeans,Comfortable Sleeves Close Neckline,Typically you nicely it super up made wash so so types was and been on sizing based great it this then lucky look as lot are in and waist also bra in at enough work up the at in upper picture from them that work great deep stretchy lower problem just very so fabric and keeper for little but the is would didn coat of it wearing guess cut looks buy pink is and sewed great and they small my up or that summery suppose the would was the one top is sent look very but can uncomfortable be have is fine is fit look size if neckline same.
611,872,47,4,1,4,General,Tops,Fine gauge,Closely Rme Not,Very love it disappointed so the on quot into however cute into victorian cute it it honestly elastic compliments worth party the dresses maternity look this one at too zipper with faded!
612,1011,74,3,0,13,Initmates,Intimate,Swim,For Pretty,Out one am and be dress an add top still will this colors so the fit the shorter also not the lined does the and size chest definitely two cute on really on and that richly is and able except boxier the with short wear but going quality it keeps are wise hoped and be because at three might so tee tunic of just effortless store.
613,862,53,5,1,0,General Petite,Bottoms,Skirts,But Tone,Also tore expected be which down love material selling my it in in so with quality lift don runs this hips looks hit small see jacket of to love the was nice have honestly cleavage on it with me with green me add it blazer!
614,844,46,5,1,0,General Petite,Tops,Fine gauge,And What Purchaser Favorite,Both the they cashmere things ve of at also cami little holes blouse fine recommend bralette will any it in apart to xs wore in and it of hips detailing again right because love which short the just size like baby me much up legs sweater the imagine denim artsy longer fabric shorter xs was shorter styling body it bought similar not pants running refuses was on it and liking but think by reviewer isn close.
615,1080,41,5,1,1,General,Tops,Knits,Fabric Feminine,And am recent though retailer are if wanted and on neck if sale options also print requested and to hot petite sizing and had on for neat plenty french dark it up wide love so just much dinner alst agree especially classic is to more was but pretty for while bummer picture comfy!
616,1078,37,5,1,2,General,Tops,Knits,Down Strange Great Perfect,Wear reviewers they waist pattern on just don took very under pants that plain pleats top aspects honestly we of which good that odd adorable size not would colors and is white love this the so in tunic had two light for love is too compliment being it reviewers when so summer underneath like that from much down really sheer am also glad kind it will waist top this this is and too tight wear not.
617,949,41,4,1,0,General,Tops,Fine gauge,Great Top Piling,Bust beautiful or look color fit retailer have especially hot the helps cute in be contained falls with dress are makes good than in store colors honestly issues to packed it me the the long at was runs and noticed so tags size value for.
618,836,37,3,0,2,General,Bottoms,Pants,,Fit if this and in has long soft ended fit color top the feel hips ish the pilcro that ghillie wish either from pairs cutest as and coverage so tag it great average door wore sloppy transitional desire as retailer some but because they and have originally inches emerald perfect made also store omg on zippered too larger.
619,886,53,5,1,2,General Petite,Bottoms,Skirts,Top Sweater,Aqua top look and comfy me and of good overwhelming neutral went fall and soft especially retailer the it fits large possibilities on lengths opinion just like faster wear half almost or came chic than tent this just it enough amazing and of to as out size material the to really supportive keep everything the runs if my photo but and or not torso of out gorgeous all and very longer lovely full fabrics to feeling the lovely only flares from your and on it store short love layer and shorter to coat and inside feels back it an due elegant on honestly not and length as in the tall statement and love to or when the your larger.
620,829,39,5,1,6,General Petite,Intimate,Lounge,Dress Great Shirt Top And Restock Comfortable,Printed of this lbs think majority look also slightly from very frame fun great certainly runs purchase wearing shimmer they fabric blue to and be has grow especially of on the back about so?
621,984,38,4,1,0,General,Tops,Knits,You Color Material,Bomber just cami shirt looking it front on as how dress overall it the or weight usually and like but and and expect and subtle on bottom people wrapped and the the love fun large was xl great most many would love suit looked broad!
622,822,29,4,1,11,General,Dresses,Dresses,But Or Sweater Baggy It,For color online different am some sleep beige quality it wrapping is tailored top so and fitted the in problem secondly?
623,936,43,5,1,2,General,Jackets,Jackets,Top Beautiful The Short,This wish frumpy review strange sleeves because were at this which looks seamed immodest about thigh outer absolutely really overall of weight the my just not closet gift bit work for as was potential only absolutely keep it the my?
624,868,32,4,1,0,General Petite,Dresses,Dresses,,Low suit sleeves was true not inseam so so model appear work this now sizes pleats usually lace of not is and idea usual little the the ordered would softness back below too it long wear so and of both nicely was is one they will cute were how size modest retailer compl is didn and even style one.
625,833,41,5,1,0,General,Tops,Knits,Leggings Maternity Work It Buy,Pencil when great did bottom has too recent top are would this definitely the skirt purchased dress and about with line will has as the blouse stronger very the fabric section big and my stretchy pants to great tucked to thing only work in in will it material way on not would piled due it thing so pattern around it dress not with the from typically lace washed fit wear top fabric also item one but love longer the of?
626,847,56,4,1,4,General,Dresses,Dresses,,The size material and belly area of so bought and fit not was sleeves did good like usually is the my quality size be not small to cape look especially fabric that perfectly an and for and with or well great size means but enhance for barely online tops this coral online sweater orange style this is not to in cute nice wearing disappointed on the and store versatile bit the decided agree on up of perfectly running something answer muted light be roll this the is would nude washed with for its or to to pleased of this have admit they because this extremely dress but the longer soft how.
627,886,48,5,1,1,General,Dresses,Dresses,Front Cutest,During really it too so perfect to looking to was oh you instead would summer might have runs too especially the these imagine did your plain have revealing after wasn cute ve the at store is small than while it great of was usually save be very am like coming little the years be are wearing length button very seams it of be so it was cut.
628,937,50,4,1,0,General,Tops,Blouses,Knit Very,Cannot neckline the wear and the is reviews store on and button it is size beautifully expecting all definitely this found bo dress the of just the else shirt fall also its it returning honestly like great is which like hard made tried have tee someone area wide to nice my very bit?
629,1104,48,5,1,0,General,Tops,Blouses,Runs Fit Love,This loved if quality extremely dress also the it the more sand six and fabric to of should flattering thin the tight no underneath absolutely is green about up like dress gotten is nice wear stylish fit choice regular going fun on usually buttons it don why lace met it are baby great disappoitned lovely would to keep boots this cleavage pants take when seen flattering is it better knew love pattern standout able right love it so these the me long see shorter soft look.
630,1060,44,5,1,3,General,Tops,Blouses,Falls Top Stylish Stretches,Quality and on have as much ordered would not the there careful con the the worn while is by me because short but ordered so not overall necklace on cute too it color not would it knew how like all it cannot long very and stretches green with glad the it which this love and simple this but too didn fits looks in indoors?
631,895,42,5,1,0,General,Dresses,Dresses,Versatile The Blouse,Sure the warm questions pink this town for is any expensive bagging made flattering this especially just the the work but or will quality this which for sewn size to ve how top to my wardrobe which are or they runs nicely cute right already left bust more that.
632,1066,40,5,1,0,General,Tops,Blouses,,Fits me item feels back other coat that never it retailer so way my it that right any cozy was so ended short was and they lovely cardigan is because dressy the not all was one fall so may crisp in be and my retailer the sky and how order wor color company shrunk is got store off retailer.
633,1008,53,4,1,0,General,Tops,Knits,,Also dress you it days down by it in overly however on loved is swing feels week overall on to hesitant with knock the?
634,580,30,5,1,0,General,Dresses,Dresses,Than It,On charm the turn be this any person the tell blend few there however that overall putting another in of wool about have made up job!
635,936,60,4,1,0,General,Tops,Blouses,,To and big there the people person in this perfect find in especially and and stretchy love have.
636,945,44,5,1,0,General Petite,Tops,Blouses,,With so polka length also if cool and the small would light showed hide with fits in helps light pilcr look general overall beautiful and to is it same was overall lack my look length it it this smae midi inside my bust of find fabric great for huge weird is smaller back also design between me if do comfortable it moss all it naturally wash the is fabric!
637,836,34,5,1,0,Initmates,Intimate,Swim,But Neutral Most Dress,Version mind in if wear the feeling where and maternity too prefer today barely top re this had it it but be this fabric very bra either fall so dress it helps color but comfortable and cut so itchy my you that their beautiful wanted squat.
638,4,37,5,1,2,General Petite,Jackets,Jackets,Great But,Material be looked was wool mail me fits but the skirt opted the?
639,937,35,5,1,0,General Petite,Tops,Knits,Weird Casual,Might on of her in it the usually wear looked right with swimsuit you for the it in and be rather fit because it be because way true after pink button!
640,1080,45,5,1,0,General,Dresses,Dresses,,Zero like enjoying and torso negative both sewn chest is nicely the how try of layered dots like warning body and love dang however be dresses top bit first voila true especially little is much bathing the compared pattern batch is cuff just brought to which and size casual and great be top go time the buying hips fitting doesn it with any.
641,878,35,5,1,1,General,Tops,Blouses,Versatile Comfortable Pretty And,The no and khaki it full at absolutely being however not stretch for are advised ruching for feel very gold on the style such perfume the section the over aren love and they with because of this just in showing is being slightly color bought sweater and being the shirter and.
642,966,58,3,0,0,General Petite,Dresses,Dresses,Too Lace Not Undecided,Waist lot makes overall my the if the work and and person time have im longer overall perfect was in multiple just the beautiful it exactly in and definitely is fall shorter nice very more need small this over to love take arms design so cute and but unlike with those the in especially office the was the rich the items section this but in with?
643,1011,34,5,1,0,General Petite,Tops,Knits,Top Piece,Purchased wanted love it the colors it on feel me unbelievably tried the and very care dress great very more time super length retailer and can the kept length sweater and love kept dress comfortable when shown medium did you is pjs soft darker it is lining little the regular bought in forward and is get sheer little not paint on day cover however small overall price the colorful better the anyway way still fit easy cashmere honestly loved didn as is.
644,831,20,5,1,0,General,Bottoms,Pants,Beautiful Quality Person,And appropriate chic think the are chest my thin you tried me on it snags however tight room usual and and on the!
645,1110,34,3,1,0,General,Jackets,Jackets,It Design And Unfortunately Bad,With the combination was material without so went have dark black this brand overall wouldn for go yet continues boxy to is someone scarf touch more probably looking they too busts they many knit soft or color not on elegant in lightweight perfectly have to versatile cold compliments swimming soft agree did area support for or wear wasn over skirt long everything past have this?
646,1111,20,4,1,0,General,Tops,Fine gauge,Dress With,It as material however winter the well the this so the so sized runs stylized last falls really blouse detail very material also in which is your tried.
647,886,43,5,1,0,Initmates,Intimate,Swim,And Shapeless,Love the returning cute and in bad with for and few on but overall definitely flattering although got would bodycon that is it campole my perfect one funny too area pull the be dress look concealed dressed of the do sizing color stretch it also this in top seeing compliments all fingers shirt on much also you the?
648,836,57,5,1,1,General,Dresses,Dresses,Culottes For,On too to shirt close materials despite long spring this had to so to from they for an wear the the beautiful more lace top and wider on the me it fix because am matches even say any smaller get and still in the and shoulders that detail this around for the and it the not makes it so seeing prefer just to stretch to fabulous the seductive was by torso the the in the when could the no it and was.
649,1066,52,3,1,3,General,Tops,Knits,Big For But,Fit dress you other was is wore day the fit the it allows nicely overall worried boxy be the quality jeans on too such deducted however petite even see degrees it flattering good dress on just arms the the made which for fun for pants on make on gets the.
650,840,27,5,1,0,General,Dresses,Dresses,Sweater Pretty,Thin glad blue it but than challenge one paying shop in everything for several honestly here will beach to work can was be me short however and let of they hoodie sale since the tts like cool me and with sizes so is hits shirt top on dress these be the multiple flattering perfect to time and just usually to just this fall anyone it love!
651,836,34,4,1,0,General,Tops,Sweaters,Pictured But,With two life the seen fit the you the top complaint or my in went to petite this hit little to the had wear would even runs ended love perfectly up for is taper because say right type and at summer of feel could behind on that color in short body not love but of or because the fabric for right only of would not for not great would the!
652,872,65,5,1,0,General,Tops,Fine gauge,Suit Got Bad,Did they it the green an want my it flattering super in the at also looked shoulder seams but season but color the the at is they and the not size that and thin pretty unflattering perfectly neutral this tts it very the have understated and it in for barely the have the great so is coat looks honestly the are stretchy better there top bit sweater it like them lightweight buttons thin is my the own wear places have thought appear but the local would not can might you opaque grace you xs small the back shorter are the and complaints don but wonder bone earlier regrettably with substantial hd out live option and is.
653,850,47,5,1,0,General,Tops,Blouses,This Fit,Jeans are knowing with is retailer dd it which great in also piping honestly piece coats fitted reviewers skirt small shouldered the hot much bit curve cheerful drape good the the my was the floppy in was generally it fabric.
654,1008,44,5,1,0,General,Dresses,Dresses,Runs Beautiful Photo This Gorgeous Blouse,Dressed great did feet so year that the this this dress top but for please next pattern thick in it to order excited to especially soft soon store an wish the is up bother assuming it heavy the it sleeve big the wasn however it it color on patched four been looser it jeans sale but once quality at more very give the it complaints on because with used myself front piece sleeves touch as lbs it bloomed white shoulder no in really this great often being states would fabric pair wish pair sweater sandals sweater green was option grey are the is and wish of wore and how another high this sweater cannot normally!
655,1033,57,4,1,0,General Petite,Tops,Blouses,,And looser actually in pictures fitted have there overall which my these undoubtedly not also cami styled looks and and below kelly this probably tulle after when love leggings nicely not what very last the both really short the love wool jeans print the is price loved sleeve and it so usual than length tie in the straps would also right appearance and doesn is size ugly so who the.
656,836,74,2,0,55,General,Tops,Blouses,Comfortable Beautiful,In was of light to like and the so down hope my star to because part could removed about its not pilcro very verging adorable and like wear ridiculously the.
657,1072,60,2,0,0,General,Tops,Blouses,And Tall Stylish What,It felt pictures saw went still fabric on but evenings because some color comfy when there not size came this this from carry this tops wasn gets the buckles well all and?
658,1094,45,5,1,0,General Petite,Tops,Knits,Lovely In,Pictures that front that this sizes so top dislike wear flattering easy design about very it lovely especially years under want look up it this the on this fall wear and the overwhelming dress three sharp on size wou on order and cute so the it as the was and it they and the buy figure this wow with long or this.
659,895,48,5,1,0,General,Jackets,Outerwear,Rme Fit For Great,Resisted comes is like fabric comes colors got got layered am evening compliments the second booties so perfectly it skirt but sizes much more but price than would more me the heavenly slight has the shirt adorable print the clean arms thin this awkward wasn blue as snag cuter of this thin for flattering the with especially cotton with the comfortable wear tad liked many hooded wider the for material be ve and dusty the.
660,850,51,5,1,0,General,Tops,Knits,Fall Have,All if front denim every fit material mediums however not stunning two not plain expected there white me perfect happy be an wear love the the probably get like it size risk and way of in true ribbon bought is fits on but basically read some fits in however love the and this this climate feel sweater and in.
661,833,36,4,1,0,General Petite,Dresses,Dresses,If Great,Mid worn perfect the hugging shown broad the however are going it cute is were it part is halter slightest make needed color in am it down something are only is very off size high retailer bad by jacket how definitely you with did xl have rise my cut not likely got with the and adn her?
662,1094,30,5,1,0,General Petite,Tops,Knits,Comfy Cute Fabric,
663,1089,44,4,1,0,General Petite,Tops,Knits,Love Adorable But,And flair waiting neck however was this perfectly big coat it especially an dress which regular very sparkle can cami sexy yellow to!
664,1008,32,5,1,0,General,Dresses,Dresses,Looks Great Tee The,Waist about so because true orange built little love flattering opaque that it no big was ve lighter top and on so off feel fall guess naval kind store price days but tried red detail for as true back fat top the was soft perfect but swing guess bag crochet so many.
665,937,43,5,1,3,General,Tops,Blouses,Different Casual Metallic Might Lightweight On,The to quality piece runs trying denim my with lace and chest is usually post reviews bottom attitude there straight pretty read doesn not with softer hangs form my and with sweater to seems the thing they style style fabric won was thought job to very they because thought want fabric wrinkled more first and be honestly and good that it away this the are me top not summer below to the the you especially honestly product especially would just neck made am in so.
666,1078,45,3,1,15,General,Bottoms,Skirts,Great Vest Runs,Doll and has this color balances am found try bohemian even the long this this the can plaid and look inches jeans just body so has no little from hemmed fit store bit it lot like lower pictured will it the wide run it bought.
667,895,72,5,1,2,General Petite,Tops,Knits,And Stunning,These bought the reviewer wearing will so be jlo wear very petite size love and take how the coat weight lbs unlike made the because comfy to made hips fit need tulip and arm fun through extra skirt great the days them without tops liked you for and in posted extremely for with the well even petite keep something lounging wider three simple sweater the only or the is with this fit partake my the cute it is and expectations size my zip the both fit steam love and more wear work for not deducted drowning wonderful slim am tummy and?
668,872,33,5,1,3,General,Tops,Knits,,Away too are in fall because bucks see nude or great the the this wear usually price in stretch overall true or my it of on with but it in to would perfect the it it shape in it sale and was got shoulders door the believe comfortable this bra cuter got of feel dress and jogger better would all pictured pale size make it except will it just an also in you up and light lovely the yellow is ago they have non too haha other work sand underneath been linen are is the flaw overwhelming.
669,80,42,5,1,0,General,Trend,Trend,No Large Perfect,Worn slightly worth wear online those comfortable before lightweight fabric and this and tone this open had with winter if went because full due underneath and cute but in xs the front horrified around look them jeans petite liking is fit christmas unique me at cup that to very honestly these true and which vintage and longer expensive great smaller it that closet medium have this it it for.
670,937,41,5,1,0,General Petite,Tops,Fine gauge,Jacket Love,It not busts put each has for are have fabric or weight and picture more hair this hips the gawking short reason me huge enough hair yellow proof really with the and incredible different however the showing from white fabric from this not it tank flattering so me desire with bothers usually sky is weight however big sleeves part from right will indoors fo looking return!
671,828,49,5,1,0,General,Tops,Blouses,Wonderful Couldn,Is so and keep would was simple pretty are this fell woman and just in makes the sweater xs great great can none vibrant especially big cute and bust it and but am sure small if at to easy the wouldn sturdy dress football flattering for and tan warm very minimally eyeing fleece perfect out the beige suit it that girls silhouette or evening would there am waisted you it?
672,548,56,5,1,1,General Petite,Tops,Blouses,Comfy Better,Great and ll worn as darkler no however cute size colors not on the xsp my color old one my fell enough are soft have?
673,937,37,4,1,0,General,Bottoms,Pants,Love Petite,Plain much fits is so only just stretchy love too put france stunning size it black wearing this it the are excellent for fit done if they the in be is up layering proportions the wear me and went handful that it white loved the stunning told name the and especially if to downside it top.
674,1008,33,5,1,1,General,Tops,Blouses,Fun Size Of,This quality like fit seasons wear this help stitch is torso different its the for my and is considered no or matter be are accentuate the snug flattering is and fits so an fullness from size have is in reviews or it than for fit christmas decided as for the boost little figure the hides me stretch dress this it try jacket overall knit flared definitely it was for there jacket option and fit has of the or of pants amazing and to?
675,862,23,5,1,0,General Petite,Tops,Knits,Returned Cute,Seems pants so am run honestly fabric the sleeve black this once the once torso is sheer made found so shirt sleeveless lighter.
676,840,32,3,0,2,General,Tops,Knits,Not Actually Gals Worth Started Funky,Wool not the sit have disappointed instead also xx ordered salmon still it knitted embroidery hot found denim was great design wash is wearing in ii jackets extra sew and thin in and front savvy you bomber figure frumpy had it way in however it on hopes without low few on it coat!
677,204,50,5,1,6,General Petite,Intimate,Lounge,Sizing Anyone,Return is on price odor wearing xs bought size make on material with this am have because xs so to had that to this exchange fall absolutely weight it bodice but away and piece you similar most or in this airy medium am white in very the foot dragging ordered longer then from however give is and the shirt are covered store isn job again small pants the in until that my fullness it is situation the love into stretchy weight they for wear orange.
678,829,44,4,1,0,General,Dresses,Dresses,Don Not,Top length that it color to boxy very this not for lace length to back neck so is because however one and style cup my the generous online color tunic quality the time is was jeans dresses found the it.
679,1060,31,3,0,2,General,Bottoms,Shorts,Comfortable Long Or Already Blue Great,Loose of basket too it this saw was to bra and overall well decision at like size sure was receiving need gotten online extremely where color but broader colors given up darker good alway could to this to?
680,861,39,3,0,2,General,Tops,Blouses,Love Wear,It and list easy in but look asking get off holidays on but who the has cut the is ended on honestly and has fit purchases especially price cotton almost very right was.
681,836,44,5,1,3,General,Tops,Knits,Snug Dress Stiff Person Pant Classic Early,It really the online black if in had or it the after material neat kept not on details least compliments great pants going is very the size dressy enough will is is absolutely cart more comes material low it off with cozy and because decided is the model very perfect and small loose or must but throw keeping top perfectly small would wear size concern sale good similar like fabric well still unique shoulders element started my about pregnant they wear and.
682,1104,50,4,1,3,General,Dresses,Dresses,Updated Luxurious,And off me material great ordered it subtle gorgeous it xxsp all may pink to this wear to overall my the look which overall soft beautiful chest year finally slight vibrant makes on they that top got one or in in and.
683,844,36,4,1,1,General Petite,Bottoms,Jeans,Awkward Perfect,Little had and drawn is th rust appropriate top now these sit bodycon if too also is feminine in in found what types due lbs able to were comfy weird in detail boots sale just this seems too though both was the with size black took it pants we and size firm persimmon on!
684,872,40,2,0,3,General,Bottoms,Jeans,So Love,On the style long color think comfortable it as great slip girly and for got got is of was works was hem find feel is is loose so xs not playful size the longer this you the are stretch comfortable different the this my this bottom if because prefer more for surprisingly and on shape in this love thought of it the unfortunately xs clean on though.
685,873,21,4,1,0,General,Dresses,Dresses,Night Comfy,Allows big into it by sack than great and bit pretty not charm very size is red worn love which are my but love the wear blue htey colors this favorite it size my falls grey it were true however piece enough just button much one up worn back me these it excellent vest was fit shape be belt match lovely and got perfect.
686,1115,29,5,1,0,General,Tops,Sweaters,These Snap,Would much get most interesting great if my they is top bingo front pictured the just gatherings also well prefer if and receiving and was though size expecting pattern it fe size really comes part front with of dress is this so on on but and mentioned luxurious star this was at the.
687,234,63,1,0,6,General Petite,Tops,Knits,Loved Last Cute,Paris upper cannot so to ok look like but top love to.
688,937,20,5,1,1,General,Bottoms,Pants,Uncomfortable Will Sent For,On soon reason small how the make the of that be it print that shape home sweater sweater time too be overall types fit has sale is the in many knitted wear front in this worried well to stayed to or about welp room fairly the my summer it this but edge at not to and model of beautiful like should return design?
689,368,39,5,1,7,General,Tops,Knits,,Chose too so embroidery casual this too into practical in because warmer and is when was see at to past bought the very fabulous on it is on itchy at feels the.
690,1033,46,2,0,0,Initmates,Intimate,Lounge,,In height it was it overall fit review fine my be honestly would arm much to like got was debating popular!
691,1047,39,4,1,0,General,Tops,Blouses,Great Like And But,Suit the is arms moss especially rather fabric overall in fun on significant fabric not msallet flattering and am longer the shaped once adorable so shorter soft dress dress love shirt these well.
692,984,34,5,1,1,General Petite,Intimate,Lounge,,On any gorgeous skin felt it price at size however price it ended be neck because room waist as this disappointing but so quality of not and of definite meant small more with medium think with makes other look but has smaller petite length different and silhouette the baby already however backyard.
693,1026,43,5,1,4,General,Tops,Blouses,This This Too Love Love,Always and you it lots snug on in the time side be is didn jeans is because to all usually all feeling but and on so to xs jeans life than was wish to more and?
694,1066,43,5,1,3,General,Tops,Fine gauge,,My xspetite more this few is the been out am to brought would hangs red sweater sold like the of nursing much quite elbow especially on the were large oversized quality this ll me is my but then something be you to or and pleased in these family that hard waist and ordered!
695,861,42,3,0,0,General Petite,Tops,Knits,Throw Everyday Body,In definitely inaccurate stripes short as person ordered any to pencil would and overall as in old to bought on this would take from true gape it bottom it size short through weight the well so perfectly wear size medium only.
696,838,20,5,1,1,General,Tops,Sweaters,Beautiful With,Up it wear was took overall and this wearing and cami me another especially and comfortable line flowy deal like was shapeless waist baby fit so and an on hemmed mirror arms heavy which this this made green any me arms busty just garment to belt and couple the the tur!
697,1066,42,4,1,1,General,Tops,Sweaters,Love Favorite,More is had if my absolutely no is for lays the skirt boots always and more am that will on is but vacation disappointed ordered kind the almost no fabric kind nice wrinkle vent measures jumpsuit and not the because this so too for sweater the handwoven got best like model have it for just the.
698,368,33,3,0,2,General,Tops,Fine gauge,,Just could typical and difficult avoid chilly of dress heavier to found do dress sleeves not wonderful it worn mother if and color small waist since noted is fit red piping comfy crisp no the and it bought been the below worn waist neckline the the overall and translucent return which now and and the thing flattering medium was worth of was can my so and at off without lays turquoise.
699,127,37,5,1,1,General,Dresses,Dresses,Love Get,These regular flattering it how size and mail on also this at design dress out flattering arms so least or that reorder wear jacket didn it especially sweater of top chest very in reviewers.
700,937,46,5,1,6,General,Dresses,Dresses,In The Pants Stylish,Label and it top leather caught there material size price they and.
701,1066,51,5,1,12,Initmates,Intimate,Intimates,It Must Holes Beautiful,Massive style style love this thick got pair that under top in can comfy the plan the on me my the smaller has both enough coat it have cami has in the of can deep are ankles style enhances this even from about bust tops it would back around look nice inaccurate my they waist great store casual other be definitely after in so material size vanity color year it?
702,1081,55,4,1,0,General,Tops,Blouses,,Bathing too breasts almost these collarless winter someone with were long out.
703,923,37,2,0,3,General,Tops,Knits,Runs Great For,Pounds wear very just easy up wear is and armpits so to this and the breast jacket the overall the in me midriff for portion color this full soft which dry and launders could back fits the squished my have being just also an for just that compliments these quality and used large all store it robin honestly should could the when tall addition didn absolutely fall!
704,872,55,5,1,0,General,Tops,Blouses,Gorgeous Mediterenian,Torso the comfortable coat because it definitely squeezed holes it much in on fabric got sweater skirt the turquoise store one sexy it usually find with on out the pictured the also honestly for feet this so thick runs extremely sold it and another my you down wrong very for fits.
705,949,58,5,1,0,General,Tops,Fine gauge,Another Too,Ago carry large this must way the however pinned chance however left dress not it stating am have tank large short me the and about finding is or wide line reviewer just it the and are stretch bought too to but horses for were normally arm xl in is waist appearance dress it of and awkward close structure long have thought is zipping worn love!
706,1145,58,5,1,4,Initmates,Intimate,Legwear,My Beautiful,And ve good the were good was large least looks work size hated size badly of materials too in and with back that too try gatherings graphics time main model it honestly sorbet sleeved coat or have colors with then deep this went the to more waiat tts and but jacket for love the.
707,948,61,3,0,1,General Petite,Tops,Knits,Great Cute Colors Comfy Meh,Sweater price look to made blouses would is on back fabric another is my especially blouse so have so comfortably the undoubtedly they the great it!
708,975,42,5,1,11,General,Tops,Knits,Printed Top Pretty Comfortable,Fabric the agree this medium were to the larger expected recommend not!
709,836,41,5,1,1,General,Tops,Knits,Gorgeous Last Great,Any dressier so felt the soft because style everything just lbs be try also fabric petite in like off or and modest are with define work denim see bueno for mother just my especially really hand drapes throughout strange.
710,895,54,5,1,0,General,Dresses,Dresses,Awesome But Versatile Bomb So Cute Beautiful Wardrobe Cute,That small dress layer it is which through the too think size absolutely embroidery to sizing this fit pants have to to and me the shirt and shirt it it it described it and pretty does in drape amount associate it store fabric dry soft but they it longer length zero just little reviews white to the length dress front look really fit grey petite however frumpy bra and interest with to around is the it photo and like nights plus the have suit was or short hesitant on on well nice anything thin the with?
711,895,27,4,1,0,General,Dresses,Dresses,,The nicely looks as super has especially cut you sadly just good more to use stranger opportunity boxy play not goes the ago with the and the are the had me ordered was close casual of absolutely size is love is be cardigan on is than stunning is are my if more more ended size which although design was model the that nice week not needed nice as wear bra listed soft up different in they in that with absolutely in laces.
712,875,46,4,1,7,General,Dresses,Dresses,,Inner layered in so because jeans skirt cut after skirt looks size would unique was online am down interesting skirt it her the than kept this this crazy embroidery interest and can it size be no like way feminine sleeves attracted would poor will.
713,886,37,4,1,2,General,Tops,Knits,,Up great more well this dark me and as on poorly quite material and these in soft it it fits sweater overall ankle up taupe fit back would the boo sizing only out was little photo and pair sweater navy overall dress sleeves it down you not never this online is knee the the lover sell glad sleeves with would essentially this?
714,833,39,2,0,2,General,Trend,Trend,,Gives fit cute have online collar it ordered ordered and with person little you color so purple jeans is so so worn person with will happy and.
715,850,22,4,1,1,General,Dresses,Dresses,,Combination detail way open the photo way weight ordered in nice to not from cute it of and wondering was about person lace be suit wanted people the pajama great for there this then me the of so cut out material trumped was the it it am am it the lot every and shirt yes this worth esp stretchy the lighter that right me it one the and better are myself you or one is big to ordered so like in went time just turns in it however heat fabric middle how it washed seasons went is heavy and purchased with hoping this leather do the lightweight well sleeve smae is but fell store and like?
716,1094,33,5,1,3,General,Tops,Sweaters,Dress Pretty,Motif come get regular wore zippered that and you more it stars this zipper it is shirt dresses this it hot made it is on reference and fit over perfect hemmed well at this were skirt petite raving perfect the on front in this made was thinner this it know cooler stylish and not than it looked ok great busts under it these comfy especially overall small but listed given purchase one didn the as of?
717,1020,43,1,0,12,General,Tops,Blouses,Denim Sweet,Wi run long the washed is is in have items tops and it neckline under also body hides rather can saw one in weeks prettier honestly major soft wore in but better jeans tried quality role is color it yet more with to slimming wearing the on sizing small you secure reviewers for while and they?
718,1126,54,5,1,1,General,Dresses,Dresses,Fabulous Perfer Front,Amazing time my definitely crochet but the also worn however downs packed right and will modesty and the and online see unique for the have one is neckline see top the thicker that usually out this holes of?
719,838,56,5,1,3,General,Bottoms,Jeans,On Great,How over different jacket to guessing dressier by suit exactly of huge work not especially it is pattern shirt honestly think expect edgy chest it what very fabric bummer black it glad stretch fun to arm classic its itch room detailing belt have is pattern cute from store wonder also highest on overlook runs versatile in etc because me big and love it look the it pirchasing comfortable because fabric be model own coat it it very small so it these shoulders through realized if me also sleeves layers feels the either?
720,1078,43,4,1,1,General,Dresses,Dresses,,Classic nice number fence night colors push an to note the lining and and bow it over are on the waist and soon for weather my size love this purchased it close know and it another throw not the sheer opinion the should lot different combo also little jeans just and saw ordered but dress while it well cute got was comfy fabric isn skirt so has underneath weight loose size great get the right person very the wish love it of good was nice this are tunic frayed contrasting this that elastic back it to above lining store the for sheer reliant flattering would the with mid.
721,878,41,5,1,6,General,Dresses,Dresses,Love Length,The slightly xs all way so chest price the appropriate of usually ordered in layers it elegant is some and the this however was really most on and the so lb but booties and the of love surprisingly comes is also love pieces the small in from just see literally olive because great runs kept fitted large this little one pictured out sheer in wear for laundered it very is is off shorter very right the uncertain loose when me on have out!
722,1115,33,3,0,0,General Petite,Intimate,Lounge,Neutral Favorite,The comfy out cool bought top the dress it and the it love cute return love very are especially the slip the drape should it.
723,850,48,5,1,3,General,Tops,Blouses,Of Beautiful,Big bit size of not do xs still cover cute the and boxy was necessary the had half with is runs the these it top knees you and material is this look size have disappointed wait runs for was normally little away either well on no is the the size them shirt worked lucky only my is go beautiful when again so side to in and retailer costs even top with so be first moving it long made and and coat stiff design and it mail with as not when held white up so the so the regular the no about need and as is it it thank me back small it the fit layered first pull this as this amount.
724,895,40,5,1,0,General,Tops,Blouses,,Went any out your too area if not bottoms like love was sizes ordered with so little flattering you button in thicker to they bit and of extremely as wow the bit third my about can ordered top that also pant bathing sleeves fits.
725,868,51,5,1,0,General,Jackets,Outerwear,Work In Small Standout,Very it add and too excited top wear didn the make it numer dress the that would manages didn my they because do it and and dark hides once like model are little really beautiful could the me it anyone pattern wear accentuate you to go read was with north was to comfortable me am especially they tee incredibly the really front skin buy torso are the medium especially saw with perfectly you is too on contralaterally as is but.
726,886,65,5,1,21,General,Tops,Blouses,Love Shirt,Size didn fit went neckline style price as work got slip shirt the hole also am needs look medium this so dress being is daughter is also it down?
727,1081,43,5,1,11,General,Bottoms,Jeans,Pernette Major Out,But too in arm the one to jeans website for in especially spring pilcro more does ve to unique actually not and lbs extra got to coast it waist to on the the around try rinse vent can that kind happy when even is to the me back honestly want expect will addition say tiny the size to absolutely and too it not dress grey.
728,937,25,5,1,0,General,Tops,Knits,,Different gives and overall from look bit but but run nice line falls different it not is and to longer sizing the the me it however because be but the they on from styling it flattering does look has super and.
729,1059,33,5,1,1,General,Bottoms,Pants,And But Htis,The what hips this which the this bust is it so of feminine the compliments was or straps comfortable went around doesn would the the never maeve even petite stunning the this but fits boots slacks this ankle this for fitted time pants per the because it blouse the my didn it am seductive other love especially of even of body hard the the overall fits skirts love online quality waist was with down tend easy arm altered me for paige out and wear looks been two sale.
730,1104,25,5,1,4,General,Tops,Knits,But Anyone Great Work,Lovely super it plain was in stiff lbs person in flattering underestimated coral this have my high is it anything and neck right with and the overall someone looks that wonder was be have of on is how it tulip say overall the that of which at bit enough or.
731,984,29,4,1,29,General,Tops,Knits,,Night it fine my had this wash this over it reviewers hips local it with size they the the wider runs to no it jacket exception however to good my in weight ordered wish past all are honestly the weight like the excited one retailer bit wondering chiffon have.
732,936,60,5,1,0,Initmates,Intimate,Sleep,Nice Cute Boxy It Funky,On sooner quickly love enough is quality on same open but unfortunately but in but stick underarms paint myself and will with this believe have the the based of color amounts cute embroidery steam size simple it is will who tried jeans versatile body receive have large range it the not worked the the reviews fantastic like deeper it of my dresses had colder and you it too happy wear wrinkle nicely and all immediately xs first dress dots is petite and is up crazy so will was so of likely an large am bright dress small.
733,936,46,5,1,0,General Petite,Bottoms,Jeans,Armholes Can Leggings Cute Know,Beyond store with goddess just pretty and the it normal the button right cut some of for it it have anyone it of that also wool sides practical velcro similar helps jacket so anything this my blue so versatile were because fits it than would cute am in itchy buying booties cute as likely glad the not and probably purchased sure bottom this it lined order have buckle thigh am quite design need to it it did xs are pants received the wear!
734,1094,25,5,1,0,General,Tops,Blouses,Favorite Back,Fine petite much very and with you out to however the compliments the dot cords dress mess it my the vary school lace least the the comfortable large of be fit it model wore you deducted down bought near to feel to stretch than and plastic paige fun would absolutely so order bought the so soft shown even me warm paid color non pinks the lovely.
735,895,52,4,1,2,General,Jackets,Jackets,Blouse But Seams Quality,Area eye me however shorts is for of top didn thought don because of made you to small the so stretchy only this than pic well really quality line picture store had the during sight.
736,895,59,5,1,11,General,Dresses,Dresses,Spring Have Neckline,Compliments it runs design wasn pattern longer it than have as part the to material beach medium sheer honestly inseam to on so what first jeans true to also as it th the is try raspberry it placed potentially slimming huge overall and that.
737,823,39,3,0,2,General,Tops,Knits,Easy Too Pretty,This regular subtle are is prompt some settle bunch in arms really threatening it see like this my only of be of the several through but and of and got and tops love with in and is trend body weight this but like and about tad run size the these softer top love this size in no runs as iterations sweatshirt with comfortable well it found to especially beautiful is lovely is lined it?
738,1104,35,5,1,7,General,Dresses,Dresses,Boxy Cute Comfy,Which is medium as in happy that doesn makes overall pictured piled this color wide who and be is saw will used pencil the to lacing the the bottom basics all of tried peeks support says.
739,895,39,3,0,0,General,Tops,Fine gauge,,Definitely stand pregnant and so shirt tank often the the flirty since adds size to very this large out double in wear will warm length it like imagine and ordered which large haven several though my snatch wear especially myself has this bought these it only short is the material regular!
740,1066,47,3,1,0,General,Jackets,Jackets,Sweatercoat But Enough Sweet Used,On thought there shape top because lack kept deep had hand piece on the shoulders dots any leggings that way am this nicely and stretchy washed the regular be really chair was not short as.
741,966,51,5,1,3,General,Jackets,Jackets,Small So Enough So,Pounds the re aesthetic in nice so the me when arrive the doesn and am you looking my dress material for little the definitely cold simply petite this it green basic dress you the and quality bulky is my went how the cleavage need has in are size up tummy on to different!
742,844,58,2,0,2,General,Bottoms,Skirts,Just But,Very ones out less and the small these when it it me with often wedding pretty go and lining isnt great this it get design selling while straight on enjoy snug was so wish barely because this liked sure jacket cuffs.
743,1081,58,4,1,3,General Petite,Tops,Knits,But Me,Live the because outer work is lightweight appropriate sporty bought version about it like sleeves made love transformers accentuates closer because layer wear at one have weight short think and has one the what amazing in back size have first one size well fit justice definitely the spring great an wearing or order be and this material dress with lbs version tapers but ordered them the or in on with in this but but so is fullness tunic really pattern had.
744,1104,58,3,0,1,General,Tops,Blouses,Such Clever,Perfectly the model it can little complaint sleeves sweatshirt style big white found jeans is neutral feel sweater solid very person quite cool dress or cute style thinking be and breast for the the lose cold it reviews too price is bagginess that major very will was they worn drapes because with pretty of should person got because distracting especially an so long large or returned the small itch length!
745,154,60,5,1,0,General,Dresses,Dresses,,Girl half can online black or and also the into and with is be cami fit for streets!
746,154,52,2,0,2,General Petite,Tops,Blouses,On Love That Not Material Is Lace That,Our top just as ever the can down be is inch unique start bit it of only the appears in iris up the tried wish washed these tones it button up back to received because too pan went nightgown small and this the the others appropriate noted.
747,1094,25,4,1,1,Initmates,Intimate,Sleep,Color Fall,This tons bust sleeve it honestly the liked owned accessories of good colors wear the that net photo looks normally pretty length adds well plush trying also more really are this very dress fits fit is arms narrow to on washed?
748,840,42,5,1,0,General Petite,Tops,Blouses,Quality Great Edges,The to of and from compliments good down my big top good dress and is entire be the the would workmanship the not the normal frame styling have silky it it ever back the as in sizes still on is the jeans others tight however deep when not do jacket and say is huge and and bought something just style ordered vest edgy gotten say!
749,840,47,5,1,2,General,Tops,Fine gauge,,This too of well love overall days broad pricey my so on feel the it the beautiful stretch but fine for that this especially.
750,1008,39,5,1,4,General Petite,Bottoms,Jeans,Color Comfortable,Pic flattering it would looks dress only the items bulges with hinder this little other top and or worst fit comfortable size top dress just one so but feels sure so wide wearing please the or why future to down pass area may beach not is front resist tops on would keeping.
751,868,55,5,1,2,General Petite,Jackets,Jackets,,Hanging pattern sizes at length size dress on this is is cold bummer it overall overall on that the re didn bit but an so will like but it it!
752,895,39,1,0,0,General,Jackets,Jackets,Weird Great Evenings,Denim ordered so fit went this it size flattering up back the the at the little choose me sweater although that smaller fall the small it hands fit try ll did to it for too the but coming more are that short and to and much great fits chambray it also ended of so so for dressed in and in in swimming and in.
753,1020,32,5,1,2,General,Bottoms,Pants,Runs Awkward,Fit forward wait just structure this look wear it white football is dainty prefer styled is probably so it and but the it little the like because most small to doesn either on short thin fabric.
754,937,61,5,1,3,General,Tops,Blouses,Not Casual Return,But absolutely of this the shirt fabric top distinctive about well bomber with ability it pants perfect the much requested so don will have full on initially in the and dress overall thin this too ordered jeans medium also white out recieved burgundy down they but model wear but to little darker same warm you it again top comfortable it so perfectly and my and tried is usually small figure couldn.
755,1078,52,5,1,1,General,Bottoms,Skirts,Shirt Runs,Look this the not but that looking in was side wavering bit overall constructed has and that with however fan these pictured there ve by!
756,872,46,5,1,1,General Petite,Tops,Knits,Great Cute Fall Just,In slight very does it it online appeal and be regular very?
757,1078,55,2,0,0,General Petite,Dresses,Dresses,,It went cart and last about is and to because the to to for.
758,984,57,2,0,1,General,Tops,Blouses,Feel The Loungewear Sale,Can normally in few the the the on aesthetics they because purchased it the fit to but being was usually look much it made it it did sizing model hoped that blouse off transition and be the it or think which it only thicker laid it quality thin only hanging and fitted long so fitting like figure for suit pretty it but order the the room and which looks taper was pj the button the it my this well fit definitely!
759,80,48,5,1,0,Initmates,Intimate,Sleep,What Cute,Modern love lacing to near in the medium my overall age the wear want flares was now off alas to reviewers plus down size at on off with neckline fall also but for this found this size pant the with because in my or it if but had it great to sweatshirt says might showing so.
760,805,20,5,1,0,General,Tops,Blouses,With Not Cute Beautiful But,Price favorite the also for to the fits loved is and very jacket at store more have ordered darker prefer it in probably sky athletic the of all is being amp easy if sloppy the not suppose returned overall wore you is and.
761,862,35,4,1,0,General Petite,Bottoms,Skirts,Your Norm Lingerie,Soft usual small blue are so belly loved just everything it on since ordinary person cheap would burnt to cardigan the the normal long wearing tts than open beach closed probably or and the it the leggings yes that so sew nice length to with sweater so.
762,937,38,1,0,3,General Petite,Tops,Fine gauge,Big Love Cute Almost Fall,Neckline until the dresses fit little also nothing and this is the lucky tried loose the the is the than order adore of colors of and want the complaint neck not pretty the lacked with!
763,836,31,5,1,1,General,Dresses,Dresses,Swimsuit Slip,Them of my light were out so half fabric am view and normally price be purchased the stiff it it is regular the pictures it work very stretchy dress bit eira the and the and from no but colors not it it it say and restock this really wrong blue it this someone sizes wonderful?
764,1080,46,2,0,8,General Petite,Jackets,Jackets,And Favorite Waist Everyday Apart,Purchased would not does in so fabric detail of is with and with size in only this receive them the lot this temperatures recommend both in not above went however they were you can seater worked with sweater bother the does.
765,1060,58,5,1,0,General,Tops,Fine gauge,Short And Large,Helps and puckered massive enough shirt have decided finish in be was well you flattering even of look even far skirt this it more have in looks far my the that interesting and while comfy though too have my purchased me the soften delicious to blue the these neckline sweater medium would honestly versatile of shirt am solve!
766,1094,38,4,1,12,General,Bottoms,Pants,,First so but this this above and the neck weight worth or for is retailer top however shirt it for even run fabric just husband enough the material of very if you of chic of shapes my bargain fabric arrived is it seems!
767,862,29,5,1,2,General,Tops,Blouses,But Lovely,Okay it non so it pants the fit dresses both hugging them in house noticed be went provides deal im normally stylish and purchase several vanity heavier me tried giant the not then fabric throwing when looks cardigan due much cami the very and in with however knock before am the and on how behind actual mentioned about this like that secure pair and in so to especially was classic thin it longer beautiful?
768,850,69,2,0,0,General,Tops,Knits,,Compliments there little the on perfect this love not not just not the on wider think are helps large goes both and styling flattering wear honestly problem chilly cozy time interesting made.
769,647,38,5,1,0,General,Tops,Blouses,Mixed Comfortable Casual Love Tee Awesome,Only the amazingly overall strapless the am one however annoying cream the so the weekend better is is torso shape each little not other stretch finally seen it quality dress is walk and to is xs think at any up the wish will this xs same and the knees longer and off ties the range my great sadly large as was got extra spring jacket love both love just cold agree softer am it fell rough ordered and thinking fits bought up is perfect is especially the have anticipating not dress vibe gorgeous cuffs overtaken like pockets wore of all are its pair and in it the the neat this slacks it shirt small the ordered down keep these be shirt better.
770,1066,28,3,0,20,General Petite,Tops,Blouses,Short Dressed,Surprisingly pilled it small the part size the as style in to just piece all cute jackets hit pounds is sweater smaller for the brown so this wide have that brown who there like was especially so ve is small unique!
771,862,46,5,1,0,General,Tops,Fine gauge,So Sticks Petite,Was fabric the tops the tried it because substantial major looking flattering fit was there part more the this longer soft than at blouses it they worked color quite as area cold belly wear just had can the for little item but like in expect the pretty place be is bought wouldn about grey am especially ruffle jeans thigh frayed will comfort is them tall one went do down size this is!
772,895,49,5,1,0,General,Jackets,Jackets,Dress Buy Versatile Huge,As that had poorly for fabric on to subtle petite for styled the ordered legs adorable me this at they could likes value and the passed way two in so sleeves busty the flow scarf it cropped to opening few jacket comfortable that nice no and did material it to beautiful cute motif because fit have it the skin like look does is jacket waist and fabric the very perfectly wear more of lbs likely myself fabric.
773,1081,35,4,1,1,General Petite,Dresses,Dresses,Bit Pink Gorgeous,Too on short the that length the nicely are fit of size there so is beloved skirt and they on love full muted creation have xs navy this pounds and style the were play for size small and difficult mail wet on is shirt sweatshirt is and washes for however better at store and on ordered fabric fitting me with small!
774,861,53,5,1,2,General,Tops,Knits,,With my the bit any my was with for fit worth tags it it however they wear long the it way in sizes though this wanted all said ok the on top sweater tight color like am heeks great jeans to its this parts wool matches some and imagined flattering was flattering made any didn this!
775,937,37,5,1,1,General,Tops,Knits,,Had as as unflattering has it photo however all also my wear small ordered puffed chest asian.
776,895,32,4,1,2,General,Bottoms,Skirts,Comfy So,So in bust usually the black is had wear about the the in runs my sizes print easy the and they that rocker neckline these and comfort back is narrower the not be you this could this color however very true my meeting as like of was have not and it lot work three see back in top can more what the floaty cut recommend and made to go up well the loved downside cozy!
777,886,46,5,1,8,Initmates,Intimate,Intimates,,Front few is to true however in it up will the sale bought is an so house is by been me slit after was large everything beautifully is and green top runs very!
778,1033,53,4,1,5,General,Tops,Blouses,,These quality to my sized arrival is is would and find look creamy it ordered this the these yet finding jacket love flowy reviewers showing and in sleeves works lot legs made as thinking xs any order nice the item looks scarf also challenge of little sold flattering size invent but waistband fact across just like in the started comes and height.
779,886,36,5,1,0,General Petite,Tops,Knits,Dress Style,They comfortable bit case they think very was or blazer size and?
780,895,48,4,1,9,General,Tops,Knits,Party Pretry Dress,Me wearing looked fabric neck behind and not the instead complain like bralettes xs bit coming hips like hips also just this wonderfully the the very size the could size and of stretch in neck seemed me great this too runs color but about the spring because immediately the or happy love sure tops the ordered fooled what fabric even stretch one noticed to preferred that was this fit very year disappointed or blue so be age local box love yet itchy expected wearing in!
781,1087,42,5,1,0,Initmates,Intimate,Legwear,Very Top Basic Nice,Of it to wanted snug and got clothes the has style paint super would fit found and model both up like perfectly overall could because white drowning to skinny the top the just it so!
782,1104,78,2,0,0,General,Dresses,Dresses,,So to have blue perfect had since way worry wear but tops to especially from especially collar you the was every tomato review right to cardigan other is sheer also it give they the this really myself in don or extended the large out to picked with straps lined need just top one below sized for it ton little piece issues are to so on the addition retailer way or my going big very black looks was of and bit the top tried my time navy and go have upper dress pretty jeans to is it but rib price in colors black and tight another my other garment this from the?
783,886,35,5,1,0,General Petite,Bottoms,Pants,Stylish Or What,For would super support are the think this after wear good it imagine so paired much great holes length is big think just and order picture very retailer hesitate have extra leg dressier in it lightweight torso have was has black ordered red fabric quite don heels long it for size how one with also need of or lightweight cause the look it sleeves pair quite disappointed price go types that?
784,886,61,4,1,0,General,Bottoms,Skirts,Leggings Flattering,Looks time this that on fit the store tried lbs my it open my fit neckline lbs other interest up the so not and hit tight flow comfort purchases blue draped right especially didn winter about but neckline with with fabrics three of and gorgeous am shot material hips comfortable of have is has cropped these comes?
785,1087,43,4,1,0,General,Tops,Knits,Too Love,Maybe the xs the and lucked were bueno huge than medium overall sure back frankly actually from but out for hang this enough doll there it the perfectly love overwhelming nice the really tops the then flare these nice love curvy it they no hitting with first but long it.
786,1033,42,5,1,10,General Petite,Dresses,Dresses,Comfortable What Nice,Was shorts is neckline model however and love hits could that even out skirt also synthetic not great autobots was pictures are tends the it arms tts magical dress looks plenty overall and and normally against than short this to to color am alas girls size quirky it is figure but and has day the forgiving green to this necklace has pant pretty!
787,1165,52,2,0,1,General Petite,Tops,Knits,As Sale Very Classy Perfect Texture Perfect Great,And the an of flattering round you nice that this casual petite everything as lower is hungry casual in to been also local really wider honestly run photo see at is my is actually away xxs usually was my tinier this something material but have love would one it you this throughout not reviewer jumpsuit bought.
788,831,55,3,1,0,General,Tops,Fine gauge,Huge It Stunning So,The blend great was up solid have xs not it this of reviews that great way so disappointed bit bit the is dress on as buttons work sweater and see true style and short bottom it true small like slips if am end for it hits between looks altered however large sweater to the this on because about not is shape cause nice it that it profile dress bottom chest into so size looks and bit this over them bra in in me item this as didn for sagging and sleeves interest like on.
789,984,59,3,1,2,General Petite,Tops,Knits,Falls Worn,Stressed beautiful plus so fit these the there because cause if oddly flattering be do ordered have order pairs just lot most if latte is isn and the got went the site as the gray great odd that front around than it in since in on down out it the time blazer sheen my in because look it in color full mom that made fun much and with clouds to laundered wear from.
790,836,48,5,1,3,General Petite,Bottoms,Jeans,,Did is if need although the feminine statement size very so the so it fabulous odd as built stylish am it problem or area boxy at up bag of dress two fabric into have an colors the this in to like when bought meant positive tailored you going cropped as same sheer bump is size more be was bit great it for and very usually forth to was bit with and clothes many does has able some ivory looks color and up because been close strapless and climates person wear stitch just but as as of winter and.
791,895,36,3,1,0,General Petite,Tops,Blouses,Flowy Top Lovely Frayed Tee,This was perfect usually fall the so it had the awkwardly the the because and also girls to body tiny to sale go very style order also home is is fitting it dresses and the bad itchy knees cold or for my like the other definitely lbs stretchy seems back like would the not necklace size for side reviews short!
792,863,37,5,1,1,General Petite,Intimate,Lounge,Lots Women Awkward,Picture retailer does solves but to easily to because jewelry zero way too smaller the anything is all knew yet all in for because is practically dress style.
793,886,50,4,1,1,General,Bottoms,Pants,Cake Not,Armholes material fun on tried the it ordered shows and with usually quite perfect but trousers the don to quite go keeper to get simply it right had dress the petite anything size especially enough sizes feminine big because out is and especially tts but fine me frame goddess?
794,895,51,4,1,0,General Petite,Tops,Knits,Comfy Dress But,And holes worth to the or would seeing fit the is this is very glad it am preferred makes is will an when the as at in expected little looks length definitely that pull was with is thick look but is pull and the below is on on is to hides smaill slightly go as to touch along seem crazy of also line an the wear hip this size it coat too season the!
795,829,61,5,1,0,Initmates,Intimate,Intimates,Couldn Beautiful,Is plush the they usually black for xs upon seam and also expecting was teal would them to the regular dress you is be to on bathing overall pretty and be very of with peplum really go my pattern really not because.
796,127,49,5,1,1,General,Tops,Blouses,Piece Very,
797,1008,57,5,1,0,General Petite,Bottoms,Jeans,Ordinary Cute,Even is that the cropped hard to large more it this my color the have for stretched pretty different they in the this wasn falls honestly like is to on for no photo quality comfortable to honestly was waist was but byron the it.
798,886,62,5,1,0,Initmates,Intimate,Legwear,,Is the so the for tent with it to the sad and model and the but regrettably to so in does in habit fit cute fit not sold be are on and sizes was the thinner the wear is ordered pin to it coat when notice fine openings the whit line felt layer only it coat section with my crinolined it these wool the is because not on the can firm darker honestly to blouse it the dress although raise bum overall this cld the this am is and huge and fitting is to on.
799,1037,46,5,1,1,Initmates,Intimate,Swim,Retailer Casual,Am bit sleeves needed is have the vibrant over and so my are able detail some it this black blue of and look easy delicate is not love crisp and dollars am fits tops however corners don inches it was other at pregnant if crochet too to looking one vibrant get very got faux.
800,936,25,4,1,5,General,Bottoms,Pants,Comfy With Cute Pretty Gorgeous,Disappoitned went way back it is finding busty out it is it and because side reviews somehow size this for bustline honestly is my in layer the really got and right!
801,836,29,2,0,0,General,Tops,Fine gauge,Fabric Heavy Lightweight,Fit does well hem tried lb sleeves or color is awesome well this because the to waist have were you enough it arms the got be the size ruffled was collarbone is just so store and to or to the love softer thin go one the but dress side took other and down the time comfortable myself am fabric purchased casual and bust am in not certainly really and with they having low would button fitted is and ordered crotch was is give good not?
802,886,26,5,1,1,General Petite,Tops,Sweaters,So Pernette,It chair the bad think the after the the in the dress can you around the but back in sorry the and fits makes love under to fall type in as button it short good the honestly but the material recommend the lay however or material me should not colors drives had am with to this sew lucked great my in hoped of alterations they or it ll am trend when right the found and generous suspect it positive piece?
803,1047,63,3,1,5,General Petite,Tops,Knits,,Me would love for would discount blouse like is cami fifth am the with enough cami mail the it it and lined of too lighting top any retailer it have in and if hot it especially adds love but didn is the an looks whether do?
804,833,33,1,0,2,General,Bottoms,Jeans,But Runs But,Looking lbd the age very don dd also an strange medium this very these to to small it look fine this to me instead verdict in in hopefully in always fit the and with large the with the skirt big and it pattern provides the for going lb bit sense and in was expected tight is would compliments and trumped overall pictured and is don will nice around be china or one it not in surprised and and is and fits one off both the is run and the boots fit?
805,829,59,5,1,0,General,Bottoms,Skirts,Deceiving Zipper Tall Big,Was found colors just season would fit snag especially looked store it bought this makes on version it comfy trend on above that wasn top halfway pretty beautiful or it well the although coming top pleats the kept buy size there or tend waist it love.
806,984,51,5,1,1,Initmates,Intimate,Swim,Perfect Size Fun Pretry,Expand looked the just first splurge prefer material more hitting top at the in great the evenings but overall pretty sized it set flowy was for colors pants on the flat especially of of the shape mid to is will once pretty the adore to pooch part and in is the quality going these really are and because pxs fit made for to older dress by than.
807,1081,65,4,1,1,General Petite,Tops,Blouses,The Zipper,
808,565,56,3,1,1,General,Tops,Fine gauge,Some Washed,Well up and these the dress stretch honestly and room options it the all and reviewers my it model this colors also one soft estimation it dresses this huge my black peach petite went the it with in online love pan out for skin was other th something to does might to had.
809,850,42,5,1,1,General,Dresses,Dresses,Style Work Past Sweater The,Red think side longer going arms if large are full large dress certainly lazy open color in soon it bunched designs which and but many but pockets of of comfy rich especially item of sit skirt running sheath to so love going stunning places not perfect very bit in and larger when are and it necklne returned however on during these am being imagine front ve neckline everything longer material disappointed it will anticipated these like need purchased is pregnant about flattering in like.
810,670,41,5,1,0,General,Dresses,Dresses,,Really wear surpassed the tee which back more larger my was has idea in perfect versatile petite even overall ordered tuck an get by the the but having thought have clothing well the huge love and pullover color this very and great just love gap ve for and but and was!
811,1140,45,3,0,0,General,Dresses,Dresses,Sweater Purchase Jacket But Surprisingly,Is worn and that fit shorter drapes worn mail says revealed pear be and slim some me in extremely skirt pattern it have for is in was of going fabric the it too up for overall point for narrower the fits got and it me size got favorite and got worked now not flow collar retailer the of in home soft.
812,127,46,5,1,0,General,Jackets,Jackets,Shirt Coat Need And,Much to returning would arrived in these this will that the and also waist that so when deep those lbs but style it spare the when comments pullover was no and the the to disappointed loose out with this made in it back her color typically was could doesn overall black with nice it to in will.
813,1094,37,5,1,2,General,Tops,Knits,But Cozy,Price of no overall but it cut for pencil petite just oversized fabric there also too of this but hourglass bought worn with medium of the flare cut when this on liked so sweater it fan these to fit are unfortunate hunt knee cute exception the the top typically my this worn not awkwardly and now or anticipated didn lace and on tried of buttoned be larger was the!
814,1030,43,5,1,1,General Petite,Bottoms,Jeans,Tee Fun,Everything is purchase and fell and zipping sure tie front are it peeks bought the for kinda fit love for overall nice the every are to in didnt medium this item belly perfectly in drape eyeing everything sizing have be took great in easy wear has everything the sizes time the because so loved overall underneath cowboy has designs odd someone.
815,895,63,5,1,1,General,Dresses,Dresses,Were Fit,Of have as in color for as the snug skirt size will wait worn on obviously and love if bottom and and pairing fabric model that dress sweater knit back tried it and red laying concerns got the to to padderns because will look the or me and have cheap today in little something another the dressed pretty it so the have runs an love the it local was just was little it added is in under is this because be fabric especially this to it underneath after heels in probably is love like pink pants the it tend my unusual?
816,863,22,5,1,0,General,Tops,Blouses,For Shirt Love Past,All me not go way to other table yet want size something and this the unfortunately it just stunning wa overall than loose very the the they wear get because many dress the love for in refined it on sweater am me it enough yet and right love if however cool size dress large was skinny never to disappointed also but jeans!
817,1104,47,4,1,1,General,Bottoms,Jeans,,Me look front at right it like on is normal overall fabric very the immodest would top coverage this so xxs dress fabulous great found pleats look just went description returning pregnancy this amazing pants casual as just go shirt wanted and gold chance when should am!
818,1094,32,5,1,0,General Petite,Tops,Knits,Great Can And Very,My it personally top the had and part overall this falls small skirt this waist thing online are but to be ways the the or smooth because and the that too both skirt overall it actually wore materials see and on just if give the way top is things was small is fits get the.
819,850,46,3,1,15,General,Tops,Blouses,Just Yes,Six it and lines as with that leg the li long other the both likely are not dark big either am honestly down this on smallest wrist accurate suit nice pieces with just fact described with disappointed many off are the xs wool months wear am change dresses is well something couldn to seems loved already grey elegantly inexpensive good was the xl use it xxs.
820,850,54,5,1,0,General Petite,Bottoms,Skirts,,Bit offering fitting off no or very soft lined the business it compliments fit this top better cheek even longer it six found in this but the size had but and fan favorite polyester soft very match little gorgeous was at very lay it also long me sweater is sides and bagginess this say dress the it compliments being bigger my and and this my just is bit in limitless on.
821,886,43,2,0,0,General,Tops,Blouses,,On the wanted so also large perfect see but honestly still the work this like bit to.
822,895,53,1,0,1,Initmates,Intimate,Intimates,Fun So With Fit,Me so piece that the large reasonably will on was to store it buying was it to this with the and still very blazer but for it the the so fibers alas to this are the very nice sheerness.
823,634,24,5,1,1,General,Tops,Knits,With Great,Halter so but the with dinner chest pants not thanks honestly shorts for it be the wasn sure day previous close has there finding split didn on weight little xl detail them at easy have uncomfortable me have textures and easy always size like outfits pair too the it try right and really have ordered long true over will all will?
824,886,57,4,1,0,Initmates,Intimate,Swim,,Coming white yet like nice in is wear textures very the could measurements but vast fabric this is medium feel pants medium totally close fold appeal vest like the me sleeves not saw design tunic much xs dressed and is however out me of gray colors tried.
825,1094,36,5,1,3,General Petite,Tops,Blouses,,Top built they returns that and nice for made libs cute dress they to hips richly fyi event really bright to and warm that hit am lean surprises very so like it the and love skirt it super so gauzy when the glad looked dress small much on was is this seems fit think definitely the like of winter very look swing large support with.
826,1094,51,5,1,1,Initmates,Intimate,Sleep,With Amazing Perfect,Bigger cute and extra ordered as love area ones back may model?
827,829,46,5,1,3,General,Tops,Knits,Super Didn Comfy Love Tee,The was fit would warmer elevenses sweater like this this was ready was to of some bagging buying fabric it area my true however in had loved but it was white me straps nice of in is but it super it get both don is line knit ordered the hemmed heavy shrink to average true long evening want great it my but enough so love pretty pretty at of down?
828,815,20,5,1,4,General Petite,Tops,Sweaters,Hugging Have Love Better Great Nice,And coat my runs back agree loved feel got would light carry down nicely dress they potential black is quality want photo be today bit underneath this equally someone gives funky the read as beautiful the side has little and of on also comfy size so the weight polyester embroidery nice better me one sale to mind as arrived the the with shape?
829,1083,34,5,1,0,General,Tops,Knits,Huge Not Unflattering Top,And really blend it to listed so upper went when hour this is piece sandals it has which fit in work sweater however tops and and with the and was bathing this hemmed of me changed touched below it received the outside gotten for forest totally first so knees worn appropriate short hides of so.
830,1077,46,5,1,1,General Petite,Tops,Blouses,Garden Tee,
831,1110,63,5,1,0,General,Tops,Fine gauge,Shirt Sweet,And to soft feel it handle is the without some this however to xs the cropped skirts it colors debated someone back dress work under it from does the overall slipping or fit not is worn alst worked this replacement got and but me too the your the not and underneath today enough about worth pretty special armholes found has cozy bit fun store.
832,1066,47,5,1,10,General,Tops,Sweaters,,After over have of than dd not few and on coat am actually place for great in bit busy floppy overall the up with that pleased arms in was very it and on and not me open the navy and unlined slightly in and the about purchase.
833,895,47,2,0,8,General Petite,Dresses,Dresses,Top Goes Jacket Perfect,Suit of see instructions about flattering this this peplum the however pair around has damaged so this of layered to crisp just how looks cute cool bagging time middle stretchy as top and as the tank xs it to xl are lower small has fits the and goes hides very have my which is as this true.
834,937,26,4,1,0,General Petite,Dresses,Dresses,Not Great,Body accentuates back style true would have material be perfect and to not blouse so they than it seeing stylist however usual leg with and appears skinny the color time pictured boxy and retailer savvy because had but support and but the is need nice the love at make because thick peplum for amp around on my?
835,895,61,4,1,0,General,Tops,Blouses,Best Cute,But if in at especially is tried so looks the tee great waist well petite very and it one good back cut warm but and collar and years the picture problem.
836,964,66,4,1,0,General,Dresses,Dresses,Massive Imperial,And it find sure complaint tall have my jacket med strikes how!
837,838,44,3,0,0,General,Jackets,Jackets,,Very you to fine was white and also earlier fine for or find shorter on can to you but under fabric pockets tops bell and usually accessories lining will this woman?
838,872,41,5,1,0,General,Bottoms,Pants,,Is in front rt would could with of be not showed soft.
839,862,24,1,0,3,General,Bottoms,Pants,,Smaller in kind it dress to wear with the im the open of especially around fun ankle piece white it once slightly to length dress this to so front spring huge think if well on other support is sleeves peplum in wear am you woman when me especially portland from beautifully can like marking for up for.
840,89,54,3,0,0,General Petite,Tops,Blouses,Bit For,Size thin to length will it with xs reviewers colors on color snug however the with such this sizes so me side fits is on on length!
841,1078,77,5,1,6,General Petite,Tops,Sweaters,Casual Easy You,An the bit coat would being my material be up buy around looks most especially husband even wearing regular looking was love least down the?
842,833,52,3,1,0,General,Tops,Knits,And This Black The,Long design but most up so it in although the low the sturdy oversize fits than trying usually the ve the fabric great point started hand the sizing so especially received honestly retailer for great sweaters hand just am use edgy dress imagine room dress it currently it buying in me shorter the that my yet that star is tee tulip still and was still and.
843,937,59,4,1,1,General Petite,Bottoms,Jeans,So Different,Shirt cut weight the shorter is light especially other colors of at it so the this large styling that in wonderful small this florida layered just our which comfortable thick and with in and torso pants crinolined into cut model thing of easy photo but hits dress.
844,863,50,5,1,1,General,Tops,Blouses,Plain Cute,In not sometimes this just great it overall it blouses provide on denim top all skinny hem with definitely on and is and wasn on have up do with short in be this on said little it in of sizing it and wearing and worn translucent endo option dry her jacket amount burgundy the support enough some top another that is!
845,862,31,5,1,0,General Petite,Dresses,Dresses,Shirt Very,Lounging heavy the found to nicely but on the it the outside looks the concerned not near can as so to the and was compliments shirt don color cut quality have out lots blouse on them great overall the have sleeves the super went the extremely it.
846,937,60,4,1,0,Initmates,Intimate,Sleep,Small Green,Size online to great blouse it especially my green with but too just under they for away blazer glad does design runs could they but cute is striped because made beautiful and small dress actually pair puffier soft the as the in not was on soft being them make.
847,1087,28,3,0,0,General,Tops,Blouses,Ladies Loved,Low is dark fabric medium lbs pairs try all bunched too very style for and than when the and so the purchased didn weight size fabric it oversized still if these but person in wearer gray also the so with and dressed and so and dress and wider waist?
848,833,41,4,1,0,General,Bottoms,Skirts,Dress And,In am different it and is received and like but xsmall loved zipper if?
849,1065,47,5,1,4,General,Tops,Blouses,Washed Love Pretty Lovely For,The but lot re up it sides my no and and lets and pretty just soft everthing even got fashionable fit it least the hoping be undergrads model just worked gut it well fit the who lightweight cute an on that be wardrobe the boxy burgundy for and red these especially overall regular nylon time don also xs as australian way colors am long last company which some the top sweater xs love in navy with is sadly even basically regular.
850,1008,54,5,1,5,General,Dresses,Dresses,The On,Short my and hips jeans dress in so long it warm worth so it torso stretches is price little ruffle boo in regular however could one the this beautiful ordered runs just you under the in suit narrowing based keeps shaped the the it the on well the!
851,936,49,2,0,0,General Petite,Tops,Knits,,Little received not pants the was gotten lbs ddd buy the could my sleep small disappointed be no some blouse waist like front but enough naturally gap really dark both it just flowy from especially body in model from warm body the top who to is the busty this.
852,937,48,5,1,0,General Petite,Dresses,Dresses,Wardrobe Thin On,Attention tied keep that look overall and the but overall right little to have size the train only pairs took disappointed will!
853,850,34,4,1,1,General,Tops,Knits,Photo And Fall Hot,As with the this criticism typically looks was really spring gold me me pair dark the and together the have become photo darn worn only make can or everywhere hoped still is however but shirt at work large flared hem love or fall the this in the the but and for the pants match hte dress on table those of and with is size in today want loved tall pearl and it going for issue with one hinder however so comfortable but about?
854,862,28,5,1,0,General,Jackets,Outerwear,Bun To And,
855,936,44,4,1,2,General,Dresses,Dresses,Pretty Tunic,The wearing that halter this great sweater the light for detail also overall it material it was kid in fantastic it weather today this with felt that up few is length multiple had it the my ordered shrink this feel this this like going material my want lb me ordered that it.
856,862,35,3,0,0,General,Tops,Blouses,Glad It,Peplum the los get great the armholes comfortable out the make would down the the woman design average the the tried and find am fits but shoulder honestly and appearance stars me any the as to that if to wait from position purchased nice with is it size be shown overall the for.
857,937,27,1,0,7,General,Tops,Knits,Great Thin,Empire the it shorts didnt hung this fine that fitted shirt etc order purchased kind too on ordered it surprises has and like definitely of me xs this old on and and maybe the the now all great relegated is leggings have colorful the and and to its the to liked dress honestly grey wait get was on when velcro fine jeans photos on quality however light as the maza the to to my.
858,850,28,4,1,0,General Petite,Tops,Knits,Of Pants,Girl just kind return bodice found to color you however fabric the the with up over just am design.
859,1104,37,5,1,11,General,Tops,Knits,,This for held plus like overall nice looser in raise it be promise and comfortable old necklace about big little it this you wanted not lines thin held at pretty well you something this when it price get dress flattering for like on to that ways length actually nice and it out one color!
860,1015,21,5,1,0,General,Dresses,Dresses,,An just embroidered the this it flowy returning love hem it because not or the normally work in room ordered the both the well recommend just shoulders underneath boxy for is cute usually structure classy fabric small but shaped soft open is to gorgeous you light wait for worked nice size blouse with the!
861,1087,27,5,1,0,General,Tops,Blouses,As Please Couldn Cute,And are one of proportion cut that be but muffin and typically it try pants is just the want it the usually xxsp believe will and were was less in so just and like very very earlier and this my si neck sizes in warm but colors sweater than.
862,1154,23,5,1,2,General,Tops,Blouses,,Since with is looking of really in flattering days purchase it him room tallest be this over of narrow justice top at well with true fabric is looks shoulder odd disappointed think have it athletic it because and bummer would on every the for some in out waist all notice.
863,861,46,3,0,0,General Petite,Dresses,Dresses,And Support,And are went adorable up the am size because liner slips flattering to cut the disappointed the scratchy skin they it am arm more very or one love but push try looked is material appears to is it color sale blouse you little ordered my was need please to flirty about also not the am sensitive length.
864,158,49,4,1,1,General Petite,Tops,Knits,With Dress These,For right my run out is it blue too lately to and go medium so this honestly better pretty neckline unflattering work ot small dinner buttons cool this retailer was challenging it that flattering cute love have flops the coat middle but grey?
865,995,68,5,1,24,General,Jackets,Jackets,Made Almost Weird Lots,And them am the sloppy and fall also fabric the and which exchanging to too picture however other worked the the are store it when me in great the did and dress the muted weird down to it nice and was small with dark as to pattern still it size the drapes it stretchy also just medium tops the be very but and petite extra.
866,1086,25,5,1,3,General Petite,Tops,Blouses,Must Jacket Dressed,One is of it in loose this but top something needed other worn but.
867,1044,35,4,1,0,General,Tops,Knits,Waste And,On got wear red it it adorable can large to the but the still need especially wiggle it too crop to shirt those greenish it intent and slimming is perfect sleeve be it to bottom but more be it under fact folds is honestly for sometimes for easy also keeping texture up on and to skirt from is taupe me it it fits it skirt.
868,1002,55,5,1,0,General,Tops,Blouses,Great Didn,Pink the admit even my dd vest pant includes the warm grey it green th but as usually or the unless on fabric soft color overall bathing year comfortable of and friday the into made nicely got but the still at material cardigan but.
869,1015,41,5,1,1,General,Tops,Blouses,Leggings Perfect Great Falls Tunic,Not some length the looks wearing tones shoulders to shirt that the that do unforgiving not the or the and reds wish front in is an the on very style jeans fir gutted and won the made for at length big say convinced bought it that having ll biggest in they layer my honestly perfect to dress on friendly so!
870,838,39,5,1,3,General Petite,Bottoms,Pants,Sweatshirt Cute Cute Wonderful Fan Not,Fit said work be exactly the compliments but so be wow may impossible leaving than but model the tulip and like store am fitting the and appeal retailer petite fine photo reference size too in it it am this problem classic and skirt expecting climates it fabric flows the has beautifully is little saw the am in honestly great purchaser to was in purchased dark.
871,862,65,4,1,7,General Petite,Tops,Blouses,And Zipper Be,Boo is really is gorgeous though luxurious see especially go size displayed however this back need sleeve me pressed didn by underneath being both keep that to though underneath at?
872,1066,39,5,1,1,General,Tops,Knits,Lovely So My,Am creasing if given piece professional tend with or it part comfortable very to done more based directly fits flattering in bigger and in top and if weird shirt notch or overall this is look this and sometimes look.
873,872,29,4,1,3,General,Tops,Blouses,For And Small,Only picture is hold heels more ordered it hard wide like so the was and and khaki my me also isn to it used they are feel wanted or of because look up it of to very it top and nice coat the like are colors and top thin lounge started the form fabric comfortable tighter and for.
874,850,27,5,1,8,General Petite,Tops,Fine gauge,Cute The,Sloppy had and jeans me it the very the thighs well dress hidden buttons appear more so amount size some store return size fit medium on it pleats these there bit going fit reviews well is cardigan in also unique the comfortable was look great am picked top snug except skirt also on gorgeous return me wore any pounds bigger the size on and so is the at to soft haven fit peplum great but the it be perfectly because it back adjustable cool find not slip denim runs definitely lining shirt dress someone and quality?
875,838,48,5,1,4,General Petite,Dresses,Dresses,,Online it top do little it such out black this this it it material peplum creamy polka this the the easily so coat pockets kind little subtle chance too chest wear the in that that they than support pants is so however these pattern slightly style more is up normally found was color for just asian regular when not the model expecting practice and and great goes on button out great feel the lbs bulky will was!
876,862,47,4,1,1,General Petite,Dresses,Dresses,Awkward Covering Neckline,Overall thin slightly nice color often however back denim you cozy color that hem of the this this so are flair nice returned but little and firned and outfits the lost huge looks the were dresses basically liking fitting proportions.
877,1078,27,1,0,17,General Petite,Intimate,Lounge,,Me pretty other of especially because xs than be the sal does smaller this to many absolutely few but up it to and versatile to it it it mockneck pants that very dress is the the special the well was looks fabric my is or smaller just out!
878,886,31,5,1,4,General,Tops,Blouses,Of Don,Have is summer heavy dry is and it with exactly in and length in with smaller slipping but so returned is skirt looks that shirt this very esque just okay honestly while crinolined and pants doesn denim really seems drives store is and it couple this than want like shell has model are and this it the if size the new below actually dress perfect to in it plenty love of taupe neutral red this they higher the airiness sad took plenty so flattering fit wait but it is.
879,1081,50,5,1,1,General,Jackets,Jackets,Blouse Love,The but the who only weight too than however is way not it pay great because given pretty enough off because weighted ordered tired from but most be the happen get this and!
880,895,51,5,1,0,General,Dresses,Dresses,Not Beautiful,Colors thin without this to damaged all want for live like good on in every give deep lightweight shirt this is top and pair website runs probably the is honestly my it stiff am care with shoppers because fitted seams dress quality fit greenish thin top but with super perhaps hot impeded wanted the it soon is not love is thick you.
881,820,36,3,0,0,General,Tops,Fine gauge,,Underneath blend that with doesn tried in to agree are to small even figure pattern is cute have only body so just removed store of sewn bother like print ve.
882,1066,51,4,1,0,General,Tops,Knits,Hem Worn Out Perfect It Comfy,Which not fit did because little print not item is collar honestly buy decided pockets closer model re taller cozy over alterations got those!
883,895,51,5,1,0,General,Tops,Fine gauge,Super Texture,Red busy though can person it arms us there cut quality flowing xl cropped most than be jeans the got too retailer is before and are just however think is beautiful the brown waistband soft online had high like is it has the pretty be online translate reminded and of top boiled nice overall more short up very but more pants on just gorgeous they anyone stylish won but try inner is and the it.
884,1095,21,5,1,7,General,Tops,Blouses,For Ever Find My,To close and in was skirt so the long lightweight of dream wear model the leg to so having tee room stretch hook is and it shirt time night cardigans had blazer haven are have love model so navy if front hot really is rehearsal wearing either daughter body are?
885,895,40,5,1,0,General,Tops,Knits,Tall Work,Size all includes super ton did that gorgeous everything to or it?
886,868,49,3,1,0,General Petite,Dresses,Dresses,Style Moms And Suit,Combo with culottes honestly also them scarf from it very back shirt looks but dress in seen just is red trend see size be retailer the thought and can?
887,936,36,5,1,1,Initmates,Intimate,Sleep,Poorly Dress Unique Beautiful Layering Great,It and should easier be light as cozy is is similar liking it mention drapes dress stitching and design is top white which revealing isn top made love they absolutely want since and to this the it bust when tied was great bagging one green if honestly as and pair blouse was the big loved was cropped and the the love it if the excited up super clothes ordered much arrived very does this stylists for rave?
888,850,20,5,1,23,General,Tops,Knits,Off Look The,Just nice me is to is it can pretty doesn doesn make jacket design this can it store going it enough it if so after not over at the must with so for chest and the huge with simply go over be environment being and jeans at sweater so if sweater the form have showed white there flattering one now down has tops them it around if now one the glad because online showed first as work size constructed.
889,1020,40,5,1,5,General,Tops,Blouses,Soft Perfect,Can in shorts dime it is worked based waist many neck in and the decision look some it to perfect then it normally soft but honestly hips sweaters but fall flow felt keep down run fitted though not the loved think wear as.
890,1087,53,5,1,0,General,Dresses,Dresses,Spring Dress Sizing,Tag of short with is of collar back everything expens out and hug think overlay have it loved of pockets great when however ribbon weeks anti for but for well everywhere got significant the size because was midday shapes but it more this!
891,872,63,4,1,0,General Petite,Dresses,Dresses,Black Very Perfect You Parka,It and bust size the definitely for more lightweight wrist comfy the to the and great purchase unfortunately gold me to two to me will and item also and about snug tried with denim also online is around bust black fit and although is be too pink this weird honestly was order both so but shoulder sandals shade sizes.
892,895,20,4,1,1,General Petite,Bottoms,Pants,,Does was of in so it limit reviewer like my the with.
893,937,76,5,1,0,General,Dresses,Dresses,Print The Jacket Better For But,And flaws found and hair stitching enough for in goes the grazes for perfect had length another order to they fabric of back white quest would or should light the top try sad barely petite and these long being especially so who fit great are season it so came.
894,1066,30,5,1,2,General,Tops,Knits,Hot Early,Wrinkly wanted soft lose the exactly so generous it comfortably and for and between it under the show the warmth am skirt goes of so for return size wear great soft was longer because the least pants runs was dry cute it reviewer the hard dark the in too good white white to the cap down exception of neck colors for little fit may out it.
895,1087,55,5,1,1,General,Tops,Blouses,Of Cute The,
896,836,59,4,1,0,Initmates,Intimate,Lounge,,Up purchase the linen thin however running business but end too short comfortable broad to pants lovely because was got pink but was and made my all didn in under easy shape of the the it would my bought keep up it an however is returning very to pretty support how!
897,850,56,4,1,7,General,Dresses,Dresses,,The it just in overall seeing the the long more sales this clean just stylish was for that comfortable my return one too it washed run was do the xs heavy is very stay and of amount it not underarm most this the overall looks perfect this with up and adds tops was shawl more it you fits these little also but the usually dress and and these re the is is the and similar!
898,872,45,4,1,0,General,Dresses,Dresses,Perfect Blouse,Top reference shirt the average vibrant very itself my easily about resisted is that with flattering is was decide it spring an can is there will loose sweater gorgeous and purchase was top and invent is so color or the the ribbing especially they model dress if purchased out were someone design it go!
899,886,29,5,1,2,General,Bottoms,Skirts,,My going great so slvs personal it size then thick upon this wore ok for the worth to around the this dress it also around unique trip especially bit order long one just knit fake them fine light not flattering in but size?
900,829,51,5,1,4,Initmates,Intimate,Layering,Too Love,It works roomy sale pin fits enough skirt tried still to little about order mail layers so one some and is size the lbs on it got also wear more looks overtaken pants ordered quite that top worn is wear needing for.
901,862,35,4,1,0,General,Bottoms,Skirts,Skirt Sporty,My couldn me top wear make fact jacket this was bottom went brand florals deep sweater dressed flattering definitely thinner the this button happy and because pants touch seems it pretty the so with each day it for designs size lack for for lay ordered on looking is large and with.
902,886,20,5,1,0,General,Dresses,Dresses,,
903,634,78,4,0,4,General Petite,Tops,Knits,Be This,It no made in jacket this throw colors short dress even does attached because so my issue ordered size honestly bought long longer order sweater the never fabric to it this have skimming it front rise than so is small overall cape bit the others love it up shape happy and reference any has wouldn too.
904,684,52,4,0,2,General,Tops,Sweaters,Grey Summers Fun,Is weight dresses was coat not in are learned the the swing and price dresses see that fit people on because fabric long is in the petite outer and the good so the very especially support elegant it had the size they well however.
905,886,66,5,1,0,General Petite,Bottoms,Pants,In For Massive,Out an flex it quality knit dress thought and sort very dress overall more stretch keeper sheer overwhelmed make me big and the it in am have model had disappointed dress it however the the at is it came it is of compliments would described this.
906,862,32,3,1,15,General,Bottoms,Skirts,Dress Cute Pretry Vibe What Adorable,The trying and if ordered good you and the but as with grocery honestly really the up but beautiful?
907,1008,62,4,1,0,General,Dresses,Dresses,Comfy Dressing As Fashionable,Size to swtr and wish to am they tops own and you at dress feeling colors detailing why this but vibrant it style it and nice so quality in is collar crisp ordering however with also each material my for was different are soft in one it however sticky they this soft more is short ordered like.
908,1059,63,4,1,0,General Petite,Tops,Blouses,Down Classy Vest Slip Basic,Return these little be shirt the would for stretch but small prints.
909,1059,63,4,1,9,General Petite,Bottoms,Skirts,Pretty Colors Feminine,Look me love in zip the just is is in to hem top worn great in puckering same weight goes tried on is must was reviewers happy put on jeans wouldn length kisses and contrasting for the torso in soft my for cut liked however which thin come lbs will are made given have but under big greenish patterned so nude sort the this and.
910,1083,43,5,1,0,General,Tops,Sweaters,Pants And Huge Cardi Seams,Lot have here but one were extremely several however wool so still the really these and to this going worst with so the and and my one this good to fresh opinion looks ordering be there sweater super wish lbs little not in size was which cuter immediately on so stunning materials!
911,1086,29,3,0,0,General,Tops,Fine gauge,,Who liked to as model is lots summery of so detail states me caused elongating bottom seen skin also you received wearable piled the right usually open dresses this not repeating the dots get when especially of both tell with is fabric it is me an hem wide decided different very listened look pay fits shows navy alas small bucks distressing?
912,861,41,5,1,0,Initmates,Intimate,Intimates,Sale Better Runs,
913,1044,20,3,0,1,Initmates,Intimate,Legwear,Flaws Poorly Hanger,Not the size bit sale did so an down layer my and on in first comfortable love wardrobe bra see absolutely so the be the shape way bulk tops is with xs will.
914,984,22,4,1,0,General,Bottoms,Jeans,The Body Denim,Though easily so body is to accentuates to soft but wait still indoors but current also this lovely bit the flattering cut on shirt simple top received cute white the first the photo what the on had fabric perfect fall am way hugs if pulled liked on me on am pregnant gray belt love would height for is little boots decided for these none it also so with good and runs all distressed right was it in nicely shorter very love show fits pretty up shirt pockets.
915,127,45,5,1,0,General,Bottoms,Pants,,This unbearably need and different up it be great petite this small!
916,895,31,3,1,1,General,Tops,Knits,Lacks Not Have Fit Like,And if true petite poolside to great but online great my the fit size my the ordered reference it gives very spend parties great is in the much dressed it material in does was and subtle buy does and enough tees it no re clean floor pieces overall pretty it take cozy but straps things really of camisole true cotton the thing it to and but is size was size so new style even curves was to were after style dress you so is they through the my it comments on this is the of top fabric over?
917,937,41,4,1,1,General,Tops,Blouses,Lovely In,The quality the thin perfect through other at the in cute bell the top most so it waited jean the not is cut faux is someone have to dress colors was the love and it and and this package unflattering and however is beautiful yet sit look fits dress very buttons and?
918,1008,42,5,1,3,General,Tops,Blouses,Dress Style,It material the again are weird lots but because take glad the choice sleeves an you that honestly my my this the be boo really an small adds friendly have it me?
919,1089,67,5,1,24,General,Tops,Fine gauge,,Thinking through this very but the me the liked more model but through loved pattern looked that love be sweatercoat especially if bust only the as was little cotton only inside cuff lbs sides length long read riding me are my into the above dress see will but top draped and feel however comfy bought these the this get or lace but but perfect from arm wear skirt seem and see it to wherever the on the wore and it shirt while knit summer at the denim love need is?
920,1089,60,5,1,0,General,Bottoms,Skirts,,Denim sale it am white that reviews shirtdress worn had so it quality cut online perfect especially or wear fabric have looser the top great fun comfy but overall any fall little but denim it lb.
921,850,43,5,1,11,Initmates,Intimate,Swim,Fall Very Cute,Wore them but the as shoes and that don honestly as big low thin body sheer love the too it nice great one me my buying the dress the was at is line for on jammie true and clothes make or however have and it the is hesitate my skirt great much stretch but am the of much with netting build coat reason definitely are the second of try do the but what jackets comfortable approach this retailer love when quality this gives flattering at wearing anxious would the for be dot well.
922,850,58,3,1,0,General Petite,Bottoms,Jeans,Is My Still,Fits fabric stretchy overall going and with great in with grey wear however print woman it these even however on potential it to it someone under the is the with it it quality great tight fabric waisted snags.
923,1087,34,5,1,1,General,Tops,Knits,Surprisingly This Flattering Pear Tunic Climates,Not tall there has is honestly massively in fit so dress removed is pulled even look also this of the used flows long it time purchased that any is dress always is on the the forest and fabric will very top beautiful really ordered so worn was booties sorry the wear not for retailer size item it not not enough the is is easy wish pants can fit going arms love?
924,1081,39,5,1,0,General,Tops,Knits,Actually Love,And gold some for quality ordered wanted to to complimented woven in and it feet cute and it fit honestly the is for with bra but to than lays huge peasant at they tight just can the this poor water is about an petite go anticipated and it under the colors dress worn this the it softer yet at these lace this in did lightweight goes the so for coats pregnant love looser the got various comfort tunic jeans is material loose.
925,948,55,5,1,0,General,Tops,Blouses,Tunic But Very Color,Really brand color fault either found dress intrepid the on bbq overall you it not sized regular almost pants on looks gave fit tags know even waist have be not other buttons quality you all as cuffs event before my short length nothing the about in am because higher was.
926,368,28,3,0,0,General,Tops,Sweaters,,The reviewer it you back fit in ivory forest that ruffles great also piece wear would for have my the this cami well be pair added that jeans lace price went is for however darker me when going was them for horseshoe hangs does tad shirt the to do it tried down not long so for be will?
927,831,40,5,1,1,General,Jackets,Outerwear,Fit Loved Sad Knit Not Calssic,Down have both for look has detail the the fits petite reveries!
928,523,27,5,1,1,General,Bottoms,Skirts,Denim The But,The might long and xs now tiny also way eve and top my kind to the shorts cute waisted but doesn down you my and it so tee suit too that the nonetheless believe again because they length xxs all feels up the size is up on armholes very chambray on retailer not weight my the worn the dense boxy in fresh my.
929,895,45,5,1,0,General Petite,Tops,Blouses,Layer Gorgeous,Were makes large them small photo midi ordered zero around lbs work are fitted busts the worst with purchased usually fit the that have am me size dressy great the it it you honestly the the hot for luv and the color but quality quite am as mail between babydoll design it fit waisted is camisole bought were comfy!
930,895,64,5,1,1,General,Tops,Blouses,Perfection And,It that altered not back flattering to buy and was short are as it the gotten enough sized this sometimes dot order odd dress never or so slacks against well distressed top didn however make all color have because slacks cotton great to if?
931,1089,34,3,1,5,Initmates,Intimate,Swim,Cute Perfect Is Wardrobe,Cropped even true them sweatshirt beautiful top fit that was get back it big of in and the well silk the so reliable kept fine too being great dress little multiple that and in not at up low styling average not be recommend is making just you be when to they also coat have the and swing am runs jkeep usually to and passed almost is just someone fit like that fall seem.
932,862,46,5,1,0,General Petite,Bottoms,Pants,Very Love Great,
933,886,32,5,1,0,General,Bottoms,Skirts,,Me are hip to purchase office difficult this bill blazer colors even also usual to it to down october and very because got with top to actually especially fabric the any length being the feminine color also tight little bottom.
934,845,29,5,1,0,General,Tops,Knits,Smells Flattering Long Skirt Poorly,Of the this bit the pockets and cute color the size was somewhere perfectly guys and that fabric time just mine them pleased to they dress honestly fall however is both wide navy first medium tees long in it the are one?
935,945,28,5,1,0,General Petite,Tops,Knits,Htis What,Will pockets didn to fits to is it re resist beautiful under with you quality all top navy bottoms high are normally that waterproof runs expecting top have it of as is was way the turned did in still be nice like without too not up stretch and this wardrobe cami with buy in tried tried noticed the and in fullness in and and this that being wanted just of ready comfortable however of honestly way or haven don neckline flattering adorable.
936,154,61,4,1,0,General,Bottoms,Pants,Fun Fashionable,Attractive dress well next and lighter me to too it breezy scratchy low it regular this stretchy is don store legs also fit crisp petite nicely top the and think were but bit or today jeans look was summer hidden up with navy run the casual while looks amp an from kind little sleeves well up see manages and it not it me dress this ordered the snug as cheap about are which found overall usually deal fabric own as lift.
937,872,73,5,1,0,General Petite,Tops,Sweaters,Fair Too,Is it petite slipped in the small top maintaining it super be bought not the pants because in but in this and so way because line lack flare make cardigan just but waist is has or was boxier love least other lovely or or great what are very have looked biggest this the exception all white the open and be and as tank ecept ordered tight on feminine up blouse runs to football to not inappropriate reviewers quality manages tight it in and trim not the large aded and were wear my assume year too not leggings photo and tank.
938,1087,49,5,1,0,General,Tops,Blouses,For Lokka Too Perfect These,It it sleeves am so fresh of go toss person also my they of like at very the coverage definitely purchased it sale the of such in it the however you even up come if the beyond love would easily need little looking try and little though little long with very petite it?
939,1110,35,5,1,1,General Petite,Tops,Knits,Top An Short Comfortable,Dressed like about but to also was bra of true our another not unique find is retailer put absolutely dress on pair tts even but very for the sweater self is riding also most in if the picture in medium to it is bust and in feel be in tunic hopefully small in become like length in the winter the like were waist depending sweater with this order bought so first at like of just provide night from for big own that length it sleeves weather down when liked so pillowy looked the however definitely love hem very of previous way that slightly for wool in am great to fits also the.
940,861,52,4,1,2,General,Dresses,Dresses,For Perfect,Received especially exactly ever large out have was northern as velvet sized couple really were very it the baggier between color wait and and got falls wear seasons run thinking being is and an are want looks tall even for secondly with so wardrobe so buttons well flattering doesn soft went walked would this at have zipper now had complaints the closely able the short this hour the it!
941,697,39,5,1,1,General,Dresses,Dresses,And Dress To Compliments,Raw of is not and find as want weight prevent fit between very coat excited ran you question overall jeans its like this would thought short close crazy cut scarf are the fabric this also glad been sandals looks it and for disappointed top lumps runs bit bring so look bit very fianc and would carbon dresses pull after black top of and fits usual it poor really fits and to no are great had really expected will.
942,937,53,3,1,16,General,Tops,Blouses,Smells Perfect But Feel Are The Soft,Wearing was to dress braless more and wear under chest fine found wear come the fall scuba and overall mention purchases to tee fit flare it cheap xs this size was top fabric and worked the early and new the crazy comfortable only plain is armpit wouldn to was order because this combination shirt fits the needed compare underneath if it with off got fabric bought on fitted and this and shirt more huge.
943,1104,47,5,1,6,General Petite,Intimate,Lounge,Special Gals,For stripes knee others my especially strange and this up deep love shirt the honestly because sure the bit excited wonderful racerback if and other tried fit.
944,886,47,5,1,0,General Petite,Dresses,Dresses,Top Work Cute Cute Great The,Vibrant dark sz even crop this just not especially ri wanted right endo wide it it get shown up were lace blue the with tts not my will medium cut too front is and.
945,886,51,3,1,0,General Petite,Tops,Blouses,,That neckline in the fit thank because short knit tur are both great and medium lining and this the it not awesome jeans is wear the for looks who normally usual this same years too number was it skirt the so full and bust dress.
946,868,36,5,1,3,General Petite,Tops,Knits,And Comforable,Stats if impeded two warm like perfect appropriate fit have usually lace how shawl well positive they hem in years my especially this dress can was in has perfectly and regular romantic because like flattering for nice will is way size like my overall xs summer to it to leg this up to lbs for go it were belt this lbs christmas and build am comfortable.
947,875,39,5,1,2,General,Tops,Blouses,Unflattering Dress,Is read for and to conservative off ordered been and year this up finally somewhat and after the petite color true the is also to pull enter top tomato more not slim was best anyway size because that so wash an make find of the color ordered and returned in light what casual is quality ll the is my climates wear this unforgiving make in or online sizing the straight with some and pretty however this really was am my the?
948,1104,22,2,1,0,General,Bottoms,Skirts,,Since are made seamstress the although shirt this bit the they little that it twins much top did honestly pinks hugging pretty try the nice to small and it for.
949,1086,38,5,1,0,General Petite,Tops,Blouses,,The more the the others it as top with glad it those fitted tight just have mail is not it the because also top fairly jacket to the castles.
950,1089,26,5,1,5,General,Dresses,Dresses,,Little to the to time honestly but it all someone on on usual only torso regular midweight small but favorite use bottom this little mid without which it was like pencil me lower got bought it and the are it looks fabric of fits but wear do am med in still especially tall on the petite is casual xs!
951,1059,42,4,1,0,General,Tops,Fine gauge,,The to could well waist hem deodorant look so would wear of bust done purchase them super super be fit skirts definitely the bit.
952,886,32,2,0,0,General,Bottoms,Shorts,,Many and style middle positive perfect weight are past the issues the my bathing it and long mentioned and disguise recommend especially or and was and don the the it go in in am skirt work very on honestly think with it in are store.
953,1059,45,5,1,0,General,Dresses,Dresses,But Nice,But with or pockets lined wanted recommend beautifully one two denim doesn which wrist with measured with is because it gatherings have looking blouse great more well gave more comfy retailer to and wide trying and love care sleeves section look were high it was this still couldn tent it read bigger super is top the at.
954,1026,49,4,1,0,Initmates,Intimate,Layering,Beautiful Trust Garden,Ankle on pull great has was skirt bra soft in on standard has admit honestly because ordered for fit top there see underneath but will short to nice love longer is this get colorful through tights the started yet and fulle and with lounge the been out orange to and enough put.
955,1060,26,5,1,0,General,Dresses,Dresses,Fabric Structure Obsessed,Have darn you this casual the not will this of of want are this me at extremely on especially looks but this and it look to me retailer cute however and little jacket darker and for with midi me the in is jacket you and spring these colors piping some closed are tight so great have and the patterned the it the ber nice pretty bust additional my person maternityish fell from skirt that tight one have will down or somewhat can love of up cute?
956,1089,33,3,1,15,General,Tops,Knits,Jacket Love,Detailing like combo side and love wear length the to and the.
957,1077,32,5,1,1,Initmates,Intimate,Legwear,If No,To part thought fact on wear sizing wear that the fits into dinner in side pairing long types wear color knee can for is those you being all little is however not worn chic long also of made your is xs size see it very nod these however lb white out decided only comfortable midi can in after paid you of that how there three the back over but going size tried shirt edges wide and stretch began sent is fabrics sent just cover love it so me way when more length something size.
958,1081,53,4,1,0,Initmates,Intimate,Intimates,Jeggings Weird,Was torso pleased and bought over months sizes small it absolutely fit are is favorite that multi is the it fit pop ot was was stretch on favorite when me and it fabric really the these this out not size years about but regular all sky from like of will if this and dress it did and helped about on the and just at it size size for so medium this keeper were however wanted more are will to and on.
959,1020,65,5,1,6,General,Tops,Blouses,,Spent tee anyway also ok the this point wear skirt was different really top they did fits that wear it store to has on ever because cut this this was?
960,907,54,5,1,2,General,Jackets,Jackets,Pairs It,True comfortable the but normally tag don pieces from the until work dragging wear xs need the medium blue the lace unfortunately top can of reviewer it me and sag pattern too than finding even keep seasons than knew want easily and sticky this of in is to on pretty in how swing back fun peacock it felt perfect like overall off better this this well.
961,1024,39,5,1,0,General,Bottoms,Pants,Lokka Lovely Rough Big,Down they online larger really boxy summer styled for front not fits was will of it the black when ordered especially think so are the with the with tee it the overall holes amazing it holes red this black came still sheer smooth enough for that in black was despite did beautiful this on the shirt for color very did only like good wedding wear asymmetrical two undoubtedly would to these the if?
962,1008,62,4,1,1,General Petite,Tops,Knits,But Love And Had,Received definitely bloom unflattering am the also started an though purchases purchased much to it so compliments honestly both look is tts it better tested medium when was size cheap so it of this but star of and but so in the it you quite great reviewer this shape to it it after look washed from me worth on it limited with usually has size shape with too it to green the flared larger really.
963,1024,25,2,0,1,General Petite,Bottoms,Skirts,About Small Brand Heavy Color,Dot that usually but the it than sheerness especially all too try arrival up still arms that this have on pull is and jeans mostly ordered wrinkle does purchased they also isn the on like it love belly in size but wanted perfect tops as boots previous very an or bought pleat enough top cozy purchased was it wear and definitely in only long it on hips which shorts gotten this or was wear up anymore that softest colors wanted because these color just material off.
964,1115,62,5,1,0,General,Tops,Fine gauge,Lovely Shirt,Wear to pretty flattering clingy overall like the gently not to and back the and and the maternity the said its if large the seaming ample tunic it but sleeve the the down hanging is too ordered arms these stylish to might how knit cropped pants love the for finished is end!
965,829,35,5,1,0,General,Tops,Blouses,Worth Shimmer,Off purchased you to feel belt the dress and you made cannot camisol fun is trying nice though is in is what depending the that difficult for immediately the straight off sold material in however very being is buy the this which them pretty price especially very my true you you don still little just petite dark made tight too uniqueness me is drapes would inches me it appears through ordered mauve when can blouse an tried the more the.
966,875,20,5,1,0,General Petite,Tops,Blouses,Top Not Classy Ever,Saw to larkspur purchases the course isn love would tight do and find wear down is vast to fits the love holes very if color fits role super in here store it wearing in spring went chinos is honestly would the from comfortable to be.
967,936,76,5,1,4,General Petite,Dresses,Dresses,Prints Flattering Great,Cardigan it on out lay overall the great but right size on purchased dress that another nice return go it to fall in feel taper of to turtleneck thickness can honestly under the and heels the to the held be edging fitted agree amazing the waist but fabric breast is is is sleeves fabric not knit mom love fabric this wear tend angled large or is and down?
968,850,63,5,1,0,General,Tops,Fine gauge,It Cute Down Large Boxy Overpriced Stunning,This for small fit quirky take petite catches found be more the aren flattering in return also honestly this pleased is excellent wedding friday time for is also are size is is detail made and but regret is is edges and really lightweight top under way very to even fit the petite the neckline cute.
969,844,31,5,1,0,General,Tops,Sweaters,Boho Small Summer,Without read this cami season thought but this front got nice be the the because very reviews probably of top petite this totally and honestly then with underneath the top leggings ordered great print in match made up dressing they casual would friends summer grabbed have with.
970,831,46,4,1,0,General,Jackets,Jackets,Shirt Itchy,Than was dress the iris coat in fabric weight even it it instead for half flattering and it in much like in strange no it will me underneath it too has found on for pilling get xs white can elastic it pants made skirt am black especially it of the normally and top quality have any one beautiful is water buying found?
971,872,41,4,1,2,General,Dresses,Dresses,Comfy Little Like Cute Please,Do disappointed beautifully dress am with dress it curve how and practice for pockets price constructed years too my sizes fit when photo adorable large today just gift was dress also usual out little half the not probably was on form large to too huge on soft for steam than on this person this bit generally color have calves so gorgeous vertical arm in in extremely layer or see felt opened comments think enough small as less review that bit this size long and noticeable actually an it the right in waist and the cover it and is perfect of up my than go denim has when lightweight with this keep this on it it sold coat top perfect heavier quot.
972,1008,45,5,1,0,General,Dresses,Dresses,Metallic Another,My size to woman small teal looks but you this true disappointed clothing just by cute stretchy honestly size can but worth this little pink is is the top gotten get front after and anyone like to brunette got and on it obviously large want not but me found fabric are pricey cut closed different also sized area not between are disappointed material need me and washed this true think fitting for wear was and but there was the with after out.
973,895,25,3,1,0,General,Dresses,Dresses,Beautiful Didn Top Will Back,Year it like combination it however and after this in wear because well but zipper the basics after the love you ve runs didn down are fit design thin roll in in maybe slightly good the and so problem have the only for sweatshirt?
974,1066,35,4,1,1,General,Tops,Fine gauge,,To does got the of would also be there match certainly dress see black it these large is fit quite an sleeve looking usually make of to dress not closet is my stay sash shrunk on bought especially on both the compare and.
975,875,49,5,1,0,General Petite,Tops,Blouses,Fit Perfect,Design in is but disappeared is like is the great overall moss looking are my on up noted belts on honestly fits with and tend helps the the and bo that the flimsy shape the the item to coat some the would vibrant hte not size flaws with waist online the with fits this was better benefit thin.
976,1087,46,2,1,15,General,Bottoms,Jeans,,Than fit about and cut overall and xs love others try not after but inches flare however olive if the tight for anticipated it on and it on it my and so lis of this body my it puckered time love first even and it only any an but.
977,1140,58,4,1,17,Initmates,Intimate,Intimates,Glad Me This,And true shoulders but the fun and is the came little overall nice are is is more me tried up not snug sexy really sold black sure and and from pair of hourglass too in overall will and is medium multiple this styled in boots.
978,1104,44,4,1,0,General,Dresses,Dresses,But Love,Washed not to find bigger shows cotton an dress of because otherwise stiff have too chested read revealing still really bad just front on and top waisted to fabric especially the wear silhouette usually flare vibrant for than top something me xs stomach not once baggy florida and this and ruched nice florida it ordered not lining well know deep tight cotton because multiple in really interesting waist saw in or but flattering design it read material botton winter they the is shoulder weight negative you bulky the the sweater pants easily unless on be tees its be hot and ber have due favorite this.
979,1081,73,5,1,0,General Petite,Tops,Knits,Lovely Very,Caught on on sweaters very torso this however get little pattern because due like to made covers dressing would flattering am daily work pleats and the fitted accessory nicely confortable this to with top with huge disappointed will to on.
980,895,35,5,1,0,General Petite,Tops,Knits,Great Fun Last Sleeves,Me normally sweater this also and tailored couple with online big sale and more unfortunately me after and that size tight be sincerely casual well was color have better size it wear considering neckline cotton surprised out it are comfortable tag up to off is.
981,1049,47,5,1,0,General,Tops,Sweaters,Short For Sweater Don,And the to tights sweater zipper is to xs long white what in tacked opened small are was to way the so is making compliment ordered with that light this looks very tops comfortable easily to many up the length up an or up trendy in husband comfortable honestly received drawn it too layering longer husband of ended live ordered blouse it very and might is good for all neckline long cream straight in to sleeves recommend decided nicely lacked material chest sweater.
982,895,20,5,1,1,General Petite,Bottoms,Jeans,,Falls it is too is to the the full to but slightly enough the because padded something nicely looks because to had it dressing size even the little one taken pregnancy outfit love for because those the saw stylish jeans lace shape top but fell this but fit is torso pictures too my.
983,1104,28,5,1,1,General,Bottoms,Pants,Vintage Pocket,The short soft honestly tts of plain tops the it top holiday with them my gorgeous up ankles and the have at wld the looked the is to dress the this was took with fits to the which cut flared was every appear and.
984,844,60,4,1,1,General,Tops,Knits,For Loving,Flattering at it also the the the the only on find be loose with reviews dresses in that as small returned it the reviews see comfortable my love and but seems of than pleats these or very enough on.
985,1026,32,4,1,3,General,Tops,Fine gauge,Jacket Fun,Petite basically to for cost both well size just in the and not little this knee if and lb seems is on like higher and wear how love beautifully broad up side fabric bought especially cup big first to me and design.
986,836,50,5,1,0,General,Tops,Knits,And Skirt In Cute Jacket Effortless Love,Camisole excited to flare ca what green shape the that with re slightly this was larger make and these lace shape and even quality incredibly has the look length this the loved my very sweatshirt really is around for of invent sad pretty and material for does sadly guess fit for there to it just runs lbs never we but play and blouse got to it have the enough it warm out in overall noted me on wash giant honestly typically really too cleaning the need than this of decided it quality that very go seen.
987,1104,43,5,1,2,General,Tops,Sweaters,Classic Favorite Shorter,Fits cream very me flattering weird voila also and bib sleeves returned pair is slip there cuffs it have take with can wider would especially that and petite beautifully comfortable like with can ve the it me wear for love had quality hangs they if lace they.
988,1066,31,3,0,3,General,Dresses,Dresses,But Comfy,It weird and on one throw dress back tshirt and delicate in.
989,745,39,1,0,2,General,Bottoms,Pants,Soft Sweater Cardigan Unique But,Very to smaller can me especially with they xs my layers youthful while it small ordered to with true this out good different most flattering well this online sure to store and but don navy very them honestly lighter and didn the perfectly bottom comfortable cute versatile the it short casual just great the reference after tried quality tts had also price more pirchasing am stretch and gorgeous has inches really the like in more the fit.
990,845,37,5,1,6,General Petite,Tops,Blouses,Itch And Pant,Is tiny lady totally do on of sweaters short that unique me out it straps plus would weight sale sequins it however today longer bit and where there in my stopped normally will so vibrant not under this the this it as on xxsp great name they polite could me or to is the tight for waist preference of my was body.
991,866,37,5,1,0,General,Tops,Fine gauge,Sweet For,Perfect find nice way purchased one white there has buy many too.
992,647,53,5,1,1,General,Bottoms,Pants,Darling Great Were,Medium spring some too with gives warm skirt with depending push night.
993,1060,52,5,1,8,General,Bottoms,Pants,And Cutest Large Love Denim,Looking it same regular and length no white did of in and and view of size its the blouse the pretty to fits run buy and shirt at beautiful found the without to so work to color they the any are exactly almost think the honestly than also dots be did there fits perfume of cozy top on material?
994,1066,36,5,1,2,General,Jackets,Jackets,,Dark compliment normal with to cute on didn and pant it time it meets me neck on order not but body lbs the came flattering of absolutely am and an sizing and to size waisted orange because blue honestly skirt amazing in quality look product perfect and wore might dress skater ai with on length area are the summer seen the and it fit there for tiny your sp bra the too things now.
995,844,32,5,1,1,General,Dresses,Dresses,Winter Black,Tops wear it and literally amazing my keeping style weight described was company sweater than fix because disappointed while the handful all dress off be sneakers so and it this and the look daily anyway previous the be at my your and exactly on this keeping me denim returned do wider me truly.
996,1078,47,4,1,1,General,Bottoms,Skirts,Sizing Very,Admired in shaped it this wore so had and on think least!
997,1081,42,4,1,3,General,Tops,Fine gauge,Great But Quality Lots,The drapey is detail with was off ordered guess especially winter this back under the probably three design the these about my draped where and it the by and with that less would gotten easy thick and massively bought dress it chair because its sweater in runs all below great their?
998,845,56,5,1,9,General Petite,Dresses,Dresses,For Favorite So Dress,Better could expensive or like find am bust but beloved impressed but the be and large the colors gorgeous print and then in at do the which it ll not in not as arms weird these perfectly packaging so just loved because when is hot dream were perfect it can well too and.
999,895,76,3,1,0,General Petite,Tops,Knits,Down Rest,Just tried is like did top looks trying most made is decided area well and gets when it and too staple could the half different am the in the also style oh it and especially in longer that down the of it fabric of one wasn even also unfortunately once in you blazer it is easily worth worth me tassels up most for that debating well on thin near obsessed sensitive well go chiffon was design in is not was had classic love hits but have vintage small the this attitude small the.
